Workbook

Sheet Dashboard
A1: WATER TESTING QUALITY DASHBOARD
A2: FILTERS
A3: Record Type: | B3: PQ1-2/OCL
A4: Water Type: | B4: PRW
A5: Location: | B5: AFTER RO SYSTEM NO.12 SV15
A6: Result: | B6: FAILED
A8: METRICS
A9: Total Tests | B9: 908 | C9: Passed | D9: 883
A10: Failed | B10: 25 | C10: Pass Rate | D10: 0.972
A12: Record Type | B12: Passed | C12: Failed
A13: PQ1-2/OCL | B13: 67 | C13: 0
A14: PQ1-2/OLD | B14: 81 | C14: 0
A15: Routine | B15: 735 | C15: 25
A16: Water Type | B16: Passed | C16: Failed
A17: PRW | B17: 73 | C17: 24
A18: PW | B18: 782 | C18: 1
A19: RO water | B19: 28 | C19: 0
A20: Location | B20: Passed | C20: Failed
A21: AFTER RO SYSTEM NO.12 SV14 | B21: 15 | C21: 3
A22: AFTER RO SYSTEM NO.12 SV15 | B22: 8 | C22: 2
A23: ALCOHOL STORAGE | B23: 2 | C23: 0
A24: AUTOCLAVE | B24: 4 | C24: 0
A25: After Cartridge filter 5 µm (B10) | B25: 17 | C25: 12
A26: After Cartridge filter 5 µm (B12) | B26: 1 | C26: 0
A27: After Cartridge filter 5 µm (B16) | B27: 1 | C27: 1
A28: After Chlorine circulation tank (B10) | B28: 25 | C28: 0
A29: After Chlorine circulation tank (B16) | B29: 2 | C29: 0
A30: After EDI (B10) | B30: 24 | C30: 0
A31: After EDI (B12) | B31: 1 | C31: 0
A32: After EDI (B16) | B32: 2 | C32: 0
... A35: After RO (Before EDI) (B12) | B35: 1 | C35: 0
A36: Month | B36: Passed | C36: Failed
A37: 45658 | B37: 62 | C37: 7
A38: 45689 | B38: 73 | C38: 4
A39: 45717 | B39: 52 | C39: 1
A40: 45748 | B40: 71 | C40: 2
A41: 45778 | B41: 42 | C41: 1
A42: 45809 | B42: 71 | C42: 4
A43: 45839 | B43: 61 | C43: 3
A44: 45870 | B44: 58 | C44: 3
A45: 45901 | B45: 60 | C45: 0
A46: 45931 | B46: 61 | C46: 0
A47: 45962 | B47: 63 | C47: 0
A48: 45992 | B48: 209 | C48: 0
A49: Status | B49: Count
A50: Passed | B50: 883
A51: Failed | B51: 25
A55: PERFORMANCE BY RECORD TYPE
A56: Record Type | B56: Total | C56: Passed | D56: Pass %
A57: PQ1-2/OCL | B57: 67 | C57: 67 | D57: 100
A58: PQ1-2/OLD | B58: 81 | C58: 81 | D58: 100
A59: Routine | B59: 760 | C59: 735 | D59: 96.7
A61: TOP LOCATIONS BY PASS RATE
A62: Location | B62: Total | C62: Passed | D62: Pass %
A63: WET GRANULATION-5 | B63: 11 | C63: 11 | D63: 100
A64: WET GRANULATION-2 | B64: 25 | C64: 25 | D64: 100
A65: TOOL WASHING | B65: 12 | C65: 12 | D65: 100
A66: WASHING | B66: 56 | C66: 56 | D66: 100
A67: CIP SKID-1 FOR BIN WASHING-1 | B67: 13 | C67: 13 | D67: 100
A68: CIP SKID-2 FOR BIN WASHING-1 | B68: 13 | C68: 13 | D68: 100
A69: BINDER PREPARATION | B69: 12 | C69: 12 | D69: 100
A70: IPQC-2 | B70: 12 | C70: 12 | D70: 100
A71: After Chlorine circulation tank (B10) | B71: 25 | C71: 25 | D71: 100
A72: After RO (Before EDI) (B10) | B72: 26 | C72: 26 | D72: 100
A74: WATER TYPE PERFORMANCE
A75: Water Type | B75: Total | C75: Passed | D75: Pass %
A76: RO water | B76: 28 | C76: 28 | D76: 100
A77: PW | B77: 783 | C77: 782 | D77: 99.9
A78: PRW | B78: 97 | C78: 73 | D78: 75.3

Sheet prw-pw
A1: samplingDate | B1: samplingPoint | C1: samplingTag | D1: recordStatus | E1: worksheet No. | F1: worksheetCreate | G1: noLocation | H1: building | I1: location | J1: waterType | K1: performedDate | L1: determinedDate | M1: result1 | N1: result2 | O1: resultAvg | P1: qualityEvent | Q1: comment | R1: criteria | S1: statusResult | T1: Exclude | U1: status | V1: syncStatus
A2: 46161 | B2: OSD28 | C2: {=_xlfn.XLOOKUP(B2, DB[samplingPoint], DB[samplingTag])} -> DV116.15 | D2: Speacial | E2: WT-26-0070 | F2: TRUE | G2: {=_xlfn.XLOOKUP($B2, DB[samplingPoint], DB[noLocation])} -> 10-3-104 | H2: Building 10 | I2: {=_xlfn.XLOOKUP($B2, DB[samplingPoint], DB[location])} -> BINDER PREPARATION | J2: {=_xlfn.XLOOKUP($B2, DB[samplingPoint], DB[waterType])} -> PW | K2: =$A2+1 -> 46162 | L2: 46165 | M2: 17 | N2: 7 | O2: =IFERROR(ROUNDUP(AVERAGE($M2:$N2), 0), "") -> 12 | P2: เก็บเพิ่มจาก oos PW-M-2-26-001 | R2: {=_xlfn.XLOOKUP($B2, DB[samplingPoint], DB[Criteria])} -> 100 | S2: =iferror(ifs($O2>R2, "NOT-PASSED", O2<=R2, "PASSED"), "NA") -> PASSED | T2: FALSE | V2: synced
A3: 46164 | B3: GOSD01 | C3: {=_xlfn.XLOOKUP(B3, DB[samplingPoint], DB[samplingTag])} -> VB-05(10) | D3: PQ3-Week3 | E3: WT-26-0071 | F3: TRUE | G3: {=_xlfn.XLOOKUP($B3, DB[samplingPoint], DB[noLocation])} -> WATER SYSTEM (B10) | H3: Building 10 | I3: {=_xlfn.XLOOKUP($B3, DB[samplingPoint], DB[location])} -> After Chlorine circulation tank (B10) | J3: {=_xlfn.XLOOKUP($B3, DB[samplingPoint], DB[waterType])} -> PRW | K3: =$A3+1 -> 46165 | L3: 46173 | M3: 0 | N3: 0 | O3: =IFERROR(ROUNDUP(AVERAGE($M3:$N3), 0), "") -> 0 | R3: {=_xlfn.XLOOKUP($B3, DB[samplingPoint], DB[Criteria])} -> 500 | S3: =iferror(ifs($O3>R3, "NOT-PASSED", O3<=R3, "PASSED"), "NA") -> PASSED | V3: synced
A4: 46164 | B4: GOSD03 | C4: {=_xlfn.XLOOKUP(B4, DB[samplingPoint], DB[samplingTag])} -> V50-61(10) | D4: PQ3-Week3 | E4: WT-26-0071 | F4: TRUE | G4: {=_xlfn.XLOOKUP($B4, DB[samplingPoint], DB[noLocation])} -> WATER SYSTEM (B10) | H4: Building 10 | I4: {=_xlfn.XLOOKUP($B4, DB[samplingPoint], DB[location])} -> After Cartridge filter 5 µm (B10) | J4: {=_xlfn.XLOOKUP($B4, DB[samplingPoint], DB[waterType])} -> PRW | K4: =$A4+1 -> 46165 | L4: 46173 | M4: 0 | N4: 0 | O4: =IFERROR(ROUNDUP(AVERAGE($M4:$N4), 0), "") -> 0 | R4: {=_xlfn.XLOOKUP($B4, DB[samplingPoint], DB[Criteria])} -> 500 | S4: =iferror(ifs($O4>R4, "NOT-PASSED", O4<=R4, "PASSED"), "NA") -> PASSED | V4: synced
A5: 46164 | B5: GOSD04 | C5: {=_xlfn.XLOOKUP(B5, DB[samplingPoint], DB[samplingTag])} -> V50-11C(10) | D5: PQ3-Week3 | E5: WT-26-0071 | F5: TRUE | G5: {=_xlfn.XLOOKUP($B5, DB[samplingPoint], DB[noLocation])} -> WATER SYSTEM (B10) | H5: Building 10 | I5: {=_xlfn.XLOOKUP($B5, DB[samplingPoint], DB[location])} -> After RO (Before EDI) (B10) | J5: {=_xlfn.XLOOKUP($B5, DB[samplingPoint], DB[waterType])} -> RO water | K5: =$A5+1 -> 46165 | L5: 46173 | M5: 0 | N5: 0 | O5: =IFERROR(ROUNDUP(AVERAGE($M5:$N5), 0), "") -> 0 | R5: {=_xlfn.XLOOKUP($B5, DB[samplingPoint], DB[Criteria])} -> 500 | S5: =iferror(ifs($O5>R5, "NOT-PASSED", O5<=R5, "PASSED"), "NA") -> PASSED | V5: synced
A6: 46164 | B6: GOSD05 | C6: {=_xlfn.XLOOKUP(B6, DB[samplingPoint], DB[samplingTag])} -> V50-39(10) | D6: PQ3-Week3 | E6: WT-26-0071 | F6: TRUE | G6: {=_xlfn.XLOOKUP($B6, DB[samplingPoint], DB[noLocation])} -> WATER SYSTEM (B10) | H6: Building 10 | I6: {=_xlfn.XLOOKUP($B6, DB[samplingPoint], DB[location])} -> After EDI (B10) | J6: {=_xlfn.XLOOKUP($B6, DB[samplingPoint], DB[waterType])} -> PW | K6: =$A6+1 -> 46165 | L6: 46173 | M6: 0 | N6: 0 | O6: =IFERROR(ROUNDUP(AVERAGE($M6:$N6), 0), "") -> 0 | R6: {=_xlfn.XLOOKUP($B6, DB[samplingPoint], DB[Criteria])} -> 100 | S6: =iferror(ifs($O6>R6, "NOT-PASSED", O6<=R6, "PASSED"), "NA") -> PASSED | V6: synced
A7: 46164 | B7: GOSD06 | C7: {=_xlfn.XLOOKUP(B7, DB[samplingPoint], DB[samplingTag])} -> SV113.01 | D7: PQ3-Week3 | E7: WT-26-0071 | F7: TRUE | G7: {=_xlfn.XLOOKUP($B7, DB[samplingPoint], DB[noLocation])} -> WATER SYSTEM (B10) | H7: Building 10 | I7: {=_xlfn.XLOOKUP($B7, DB[samplingPoint], DB[location])} -> After Storage tank (B10) | J7: {=_xlfn.XLOOKUP($B7, DB[samplingPoint], DB[waterType])} -> PW | K7: =$A7+1 -> 46165 | L7: 46173 | M7: 0 | N7: 0 | O7: =IFERROR(ROUNDUP(AVERAGE($M7:$N7), 0), "") -> 0 | R7: {=_xlfn.XLOOKUP($B7, DB[samplingPoint], DB[Criteria])} -> 100 | S7: =iferror(ifs($O7>R7, "NOT-PASSED", O7<=R7, "PASSED"), "NA") -> PASSED | V7: synced
A8: 46164 | B8: GOSD07 | C8: {=_xlfn.XLOOKUP(B8, DB[samplingPoint], DB[samplingTag])} -> SV115.02 | D8: PQ3-Week3 | E8: WT-26-0071 | F8: TRUE | G8: {=_xlfn.XLOOKUP($B8, DB[samplingPoint], DB[noLocation])} -> WATER SYSTEM (B10) | H8: Building 10 | I8: {=_xlfn.XLOOKUP($B8, DB[samplingPoint], DB[location])} -> After UV (B10) | J8: {=_xlfn.XLOOKUP($B8, DB[samplingPoint], DB[waterType])} -> PW | K8: =$A8+1 -> 46165 | L8: 46173 | M8: 0 | N8: 0 | O8: =IFERROR(ROUNDUP(AVERAGE($M8:$N8), 0), "") -> 0 | R8: {=_xlfn.XLOOKUP($B8, DB[samplingPoint], DB[Criteria])} -> 100 | S8: =iferror(ifs($O8>R8, "NOT-PASSED", O8<=R8, "PASSED"), "NA") -> PASSED | V8: synced
A9: 46164 | B9: GOSD08 | C9: {=_xlfn.XLOOKUP(B9, DB[samplingPoint], DB[samplingTag])} -> SV117.01 | D9: PQ3-Week3 | E9: WT-26-0071 | F9: TRUE | G9: {=_xlfn.XLOOKUP($B9, DB[samplingPoint], DB[noLocation])} -> WATER SYSTEM (B10) | H9: Building 10 | I9: {=_xlfn.XLOOKUP($B9, DB[samplingPoint], DB[location])} -> Return loop (B10) | J9: {=_xlfn.XLOOKUP($B9, DB[samplingPoint], DB[waterType])} -> PW | K9: =$A9+1 -> 46165 | L9: 46173 | M9: 0 | N9: 0 | O9: =IFERROR(ROUNDUP(AVERAGE($M9:$N9), 0), "") -> 0 | R9: {=_xlfn.XLOOKUP($B9, DB[samplingPoint], DB[Criteria])} -> 100 | S9: =iferror(ifs($O9>R9, "NOT-PASSED", O9<=R9, "PASSED"), "NA") -> PASSED | V9: synced
A10: 46164 | B10: OSD13 | C10: {=_xlfn.XLOOKUP(B10, DB[samplingPoint], DB[samplingTag])} -> DV116.25 | D10: PQ3-Week3 | E10: WT-26-0071 | F10: TRUE | G10: {=_xlfn.XLOOKUP($B10, DB[samplingPoint], DB[noLocation])} -> 10-3-171 | H10: Building 10 | I10: {=_xlfn.XLOOKUP($B10, DB[samplingPoint], DB[location])} -> TOOL WASHING-P | J10: {=_xlfn.XLOOKUP($B10, DB[samplingPoint], DB[waterType])} -> PW | K10: =$A10+1 -> 46165 | L10: 46173 | M10: 0 | N10: 0 | O10: =IFERROR(ROUNDUP(AVERAGE($M10:$N10), 0), "") -> 0 | R10: {=_xlfn.XLOOKUP($B10, DB[samplingPoint], DB[Criteria])} -> 100 | S10: =iferror(ifs($O10>R10, "NOT-PASSED", O10<=R10, "PASSED"), "NA") -> PASSED | V10: synced
A11: 46164 | B11: OSD14 | C11: {=_xlfn.XLOOKUP(B11, DB[samplingPoint], DB[samplingTag])} -> DV116.24 | D11: PQ3-Week3 | E11: WT-26-0071 | F11: TRUE | G11: {=_xlfn.XLOOKUP($B11, DB[samplingPoint], DB[noLocation])} -> 10-3-163 | H11: Building 10 | I11: {=_xlfn.XLOOKUP($B11, DB[samplingPoint], DB[location])} -> WET GRANULATION 1-P | K11: =$A11+1 -> 46165 | L11: 46173 | M11: 0 | N11: 0 | O11: =IFERROR(ROUNDUP(AVERAGE($M11:$N11), 0), "") -> 0 | R11: {=_xlfn.XLOOKUP($B11, DB[samplingPoint], DB[Criteria])} -> 100 | S11: =iferror(ifs($O11>R11, "NOT-PASSED", O11<=R11, "PASSED"), "NA") -> PASSED | V11: synced
A12: 46164 | B12: OSD15 | C12: {=_xlfn.XLOOKUP(B12, DB[samplingPoint], DB[samplingTag])} -> DV116.23 | D12: PQ3-Week3 | E12: WT-26-0071 | F12: TRUE | G12: {=_xlfn.XLOOKUP($B12, DB[samplingPoint], DB[noLocation])} -> 10-3-159 | H12: Building 10 | I12: {=_xlfn.XLOOKUP($B12, DB[samplingPoint], DB[location])} -> BINDER PREPARATION-P | J12: {=_xlfn.XLOOKUP($B11, DB[samplingPoint], DB[waterType])} -> PW | K12: =$A12+1 -> 46165 | L12: 46173 | M12: 0 | N12: 0 | O12: =IFERROR(ROUNDUP(AVERAGE($M12:$N12), 0), "") -> 0 | R12: {=_xlfn.XLOOKUP($B12, DB[samplingPoint], DB[Criteria])} -> 100 | S12: =iferror(ifs($O12>R12, "NOT-PASSED", O12<=R12, "PASSED"), "NA") -> PASSED | V12: synced
A13: 46164 | B13: OSD16 | C13: {=_xlfn.XLOOKUP(B13, DB[samplingPoint], DB[samplingTag])} -> DV116.21 | D13: PQ3-Week3 | E13: WT-26-0071 | F13: TRUE | G13: {=_xlfn.XLOOKUP($B13, DB[samplingPoint], DB[noLocation])} -> 10-3-152 | H13: Building 10 | I13: {=_xlfn.XLOOKUP($B13, DB[samplingPoint], DB[location])} -> WASHING-P | J13: {=_xlfn.XLOOKUP($B12, DB[samplingPoint], DB[waterType])} -> PW | K13: =$A13+1 -> 46165 | L13: 46173 | M13: 0 | N13: 0 | O13: =IFERROR(ROUNDUP(AVERAGE($M13:$N13), 0), "") -> 0 | R13: {=_xlfn.XLOOKUP($B13, DB[samplingPoint], DB[Criteria])} -> 100 | S13: =iferror(ifs($O13>R13, "NOT-PASSED", O13<=R13, "PASSED"), "NA") -> PASSED | V13: synced
A14: 46164 | B14: OSD17 | C14: {=_xlfn.XLOOKUP(B14, DB[samplingPoint], DB[samplingTag])} -> DV116.22 | D14: PQ3-Week3 | E14: WT-26-0071 | F14: TRUE | G14: {=_xlfn.XLOOKUP($B14, DB[samplingPoint], DB[noLocation])} -> 10-3-152 | H14: Building 10 | I14: {=_xlfn.XLOOKUP($B14, DB[samplingPoint], DB[location])} -> WASHING-P | J14: {=_xlfn.XLOOKUP($B14, DB[samplingPoint], DB[waterType])} -> PW | K14: =$A14+1 -> 46165 | L14: 46173 | M14: 0 | N14: 0 | O14: =IFERROR(ROUNDUP(AVERAGE($M14:$N14), 0), "") -> 0 | R14: {=_xlfn.XLOOKUP($B14, DB[samplingPoint], DB[Criteria])} -> 100 | S14: =iferror(ifs($O14>R14, "NOT-PASSED", O14<=R14, "PASSED"), "NA") -> PASSED | V14: synced
A15: 46164 | B15: OSD18 | C15: {=_xlfn.XLOOKUP(B15, DB[samplingPoint], DB[samplingTag])} -> SV116.13 | D15: PQ3-Week3 | E15: WT-26-0071 | F15: TRUE | G15: {=_xlfn.XLOOKUP($B15, DB[samplingPoint], DB[noLocation])} -> 10-3-152 | H15: Building 10 | I15: {=_xlfn.XLOOKUP($B15, DB[samplingPoint], DB[location])} -> WASHING-P | J15: {=_xlfn.XLOOKUP($B15, DB[samplingPoint], DB[waterType])} -> PW | K15: =$A15+1 -> 46165 | L15: 46173 | M15: 0 | N15: 0 | O15: =IFERROR(ROUNDUP(AVERAGE($M15:$N15), 0), "") -> 0 | R15: {=_xlfn.XLOOKUP($B15, DB[samplingPoint], DB[Criteria])} -> 100 | S15: =iferror(ifs($O15>R15, "NOT-PASSED", O15<=R15, "PASSED"), "NA") -> PASSED | V15: synced
A16: 46164 | B16: OSD19 | C16: {=_xlfn.XLOOKUP(B16, DB[samplingPoint], DB[samplingTag])} -> DV116.20 | D16: PQ3-Week3 | E16: WT-26-0071 | F16: TRUE | G16: {=_xlfn.XLOOKUP($B16, DB[samplingPoint], DB[noLocation])} -> 10-3-149 | H16: Building 10 | I16: {=_xlfn.XLOOKUP($B16, DB[samplingPoint], DB[location])} -> IPQC-1-P | J16: {=_xlfn.XLOOKUP($B16, DB[samplingPoint], DB[waterType])} -> PW | K16: =$A16+1 -> 46165 | L16: 46173 | M16: 0 | N16: 0 | O16: =IFERROR(ROUNDUP(AVERAGE($M16:$N16), 0), "") -> 0 | R16: {=_xlfn.XLOOKUP($B16, DB[samplingPoint], DB[Criteria])} -> 100 | S16: =iferror(ifs($O16>R16, "NOT-PASSED", O16<=R16, "PASSED"), "NA") -> PASSED | V16: synced
A17: 46164 | B17: OSD20 | C17: {=_xlfn.XLOOKUP(B17, DB[samplingPoint], DB[samplingTag])} -> DV116.19 | D17: PQ3-Week3 | E17: WT-26-0071 | F17: TRUE | G17: {=_xlfn.XLOOKUP($B17, DB[samplingPoint], DB[noLocation])} -> 10-3-143 | H17: Building 10 | I17: {=_xlfn.XLOOKUP($B17, DB[samplingPoint], DB[location])} -> COATING SOLUTION PREP.-P | J17: {=_xlfn.XLOOKUP($B17, DB[samplingPoint], DB[waterType])} -> PW | K17: =$A17+1 -> 46165 | L17: 46173 | M17: 0 | N17: 0 | O17: =IFERROR(ROUNDUP(AVERAGE($M17:$N17), 0), "") -> 0 | R17: {=_xlfn.XLOOKUP($B17, DB[samplingPoint], DB[Criteria])} -> 100 | S17: =iferror(ifs($O17>R17, "NOT-PASSED", O17<=R17, "PASSED"), "NA") -> PASSED | V17: synced
A18: 46164 | B18: OSD21 | C18: {=_xlfn.XLOOKUP(B18, DB[samplingPoint], DB[samplingTag])} -> SV116.12 | D18: PQ3-Week3 | E18: WT-26-0071 | F18: TRUE | G18: {=_xlfn.XLOOKUP($B18, DB[samplingPoint], DB[noLocation])} -> 10-3-144 | H18: Building 10 | I18: {=_xlfn.XLOOKUP($B18, DB[samplingPoint], DB[location])} -> COATING-P | J18: {=_xlfn.XLOOKUP($B18, DB[samplingPoint], DB[waterType])} -> PW | K18: =$A18+1 -> 46165 | L18: 46173 | M18: 0 | N18: 0 | O18: =IFERROR(ROUNDUP(AVERAGE($M18:$N18), 0), "") -> 0 | R18: {=_xlfn.XLOOKUP($B18, DB[samplingPoint], DB[Criteria])} -> 100 | S18: =iferror(ifs($O18>R18, "NOT-PASSED", O18<=R18, "PASSED"), "NA") -> PASSED | V18: synced
A19: 46164 | B19: OSD41 | C19: {=_xlfn.XLOOKUP(B19, DB[samplingPoint], DB[samplingTag])} -> DV116.02 | D19: PQ3-Week3 | E19: WT-26-0071 | F19: TRUE | G19: {=_xlfn.XLOOKUP($B19, DB[samplingPoint], DB[noLocation])} -> 10-1-115 | H19: Building 10 | I19: {=_xlfn.XLOOKUP($B19, DB[samplingPoint], DB[location])} -> WASHING | J19: {=_xlfn.XLOOKUP($B19, DB[samplingPoint], DB[waterType])} -> PW | K19: =$A19+1 -> 46165 | L19: 46173 | M19: 0 | N19: 0 | O19: =IFERROR(ROUNDUP(AVERAGE($M19:$N19), 0), "") -> 0 | R19: {=_xlfn.XLOOKUP($B19, DB[samplingPoint], DB[Criteria])} -> 100 | S19: =iferror(ifs($O19>R19, "NOT-PASSED", O19<=R19, "PASSED"), "NA") -> PASSED | V19: synced
A20: 46164 | B20: OSD42 | C20: {=_xlfn.XLOOKUP(B20, DB[samplingPoint], DB[samplingTag])} -> DV116.01 | D20: PQ3-Week3 | E20: WT-26-0071 | F20: TRUE | G20: {=_xlfn.XLOOKUP($B20, DB[samplingPoint], DB[noLocation])} -> 10-1-057 | H20: Building 10 | I20: {=_xlfn.XLOOKUP($B20, DB[samplingPoint], DB[location])} -> WASHING-P | J20: {=_xlfn.XLOOKUP($B20, DB[samplingPoint], DB[waterType])} -> PW | K20: =$A20+1 -> 46165 | L20: 46173 | M20: 0 | N20: 0 | O20: =IFERROR(ROUNDUP(AVERAGE($M20:$N20), 0), "") -> 0 | R20: {=_xlfn.XLOOKUP($B20, DB[samplingPoint], DB[Criteria])} -> 100 | S20: =iferror(ifs($O20>R20, "NOT-PASSED", O20<=R20, "PASSED"), "NA") -> PASSED | V20: synced
A21: 46164 | B21: BU19-14 | C21: {=_xlfn.XLOOKUP(B21, DB[samplingPoint], DB[samplingTag])} -> SV-14 | D21: PQ3-Week3 | E21: WT-26-0072 | F21: TRUE | G21: {=_xlfn.XLOOKUP($B21, DB[samplingPoint], DB[noLocation])} -> PROCESS WATER (B19) | H21: Building 19 | I21: {=_xlfn.XLOOKUP($B21, DB[samplingPoint], DB[location])} -> AFTER RO SYSTEM NO.12 SV14 | J21: {=_xlfn.XLOOKUP($B21, DB[samplingPoint], DB[waterType])} -> PRW | K21: =$A21+1 -> 46165 | L21: 46173 | M21: 0 | N21: 0 | O21: =IFERROR(ROUNDUP(AVERAGE($M21:$N21), 0), "") -> 0 | R21: {=_xlfn.XLOOKUP($B21, DB[samplingPoint], DB[Criteria])} -> 500 | S21: =iferror(ifs($O21>R21, "NOT-PASSED", O21<=R21, "PASSED"), "NA") -> PASSED | V21: synced
A22: 46168 | B22: GOLD05 | C22: {=_xlfn.XLOOKUP(B22, DB[samplingPoint], DB[samplingTag])} -> SV133.01 | D22: PQ3-Week4 | E22: WT-26-0073 | F22: TRUE | G22: {=_xlfn.XLOOKUP($B22, DB[samplingPoint], DB[noLocation])} -> WATER SYSTEM (B12) | H22: Building 12 | I22: {=_xlfn.XLOOKUP($B22, DB[samplingPoint], DB[location])} -> After Storage tank (B12) | J22: {=_xlfn.XLOOKUP($B22, DB[samplingPoint], DB[waterType])} -> PW | K22: =$A22+0 -> 46168 | L22: 46171 | M22: 0 | N22: 0 | O22: =IFERROR(ROUNDUP(AVERAGE($M22:$N22), 0), "") -> 0 | R22: {=_xlfn.XLOOKUP($B22, DB[samplingPoint], DB[Criteria])} -> 100 | S22: =iferror(ifs($O22>R22, "NOT-PASSED", O22<=R22, "PASSED"), "NA") -> PASSED | T22: FALSE | V22: synced
A23: 46168 | B23: GOLD06 | C23: {=_xlfn.XLOOKUP(B23, DB[samplingPoint], DB[samplingTag])} -> SV135.02 | D23: PQ3-Week4 | E23: WT-26-0073 | F23: TRUE | G23: {=_xlfn.XLOOKUP($B23, DB[samplingPoint], DB[noLocation])} -> WATER SYSTEM (B12) | H23: Building 12 | I23: {=_xlfn.XLOOKUP($B23, DB[samplingPoint], DB[location])} -> After UV (B12) | J23: {=_xlfn.XLOOKUP($B23, DB[samplingPoint], DB[waterType])} -> PW | K23: =$A23+0 -> 46168 | L23: 46171 | M23: 0 | N23: 0 | O23: =IFERROR(ROUNDUP(AVERAGE($M23:$N23), 0), "") -> 0 | R23: {=_xlfn.XLOOKUP($B23, DB[samplingPoint], DB[Criteria])} -> 100 | S23: =iferror(ifs($O23>R23, "NOT-PASSED", O23<=R23, "PASSED"), "NA") -> PASSED | T23: FALSE | V23: synced
A24: 46168 | B24: GOLD07 | C24: {=_xlfn.XLOOKUP(B24, DB[samplingPoint], DB[samplingTag])} -> SV137.01 | D24: PQ3-Week4 | E24: WT-26-0073 | F24: TRUE | G24: {=_xlfn.XLOOKUP($B24, DB[samplingPoint], DB[noLocation])} -> WATER SYSTEM (B12) | H24: Building 12 | I24: {=_xlfn.XLOOKUP($B24, DB[samplingPoint], DB[location])} -> Return loop (B12) | J24: {=_xlfn.XLOOKUP($B24, DB[samplingPoint], DB[waterType])} -> PW | K24: =$A24+0 -> 46168 | L24: 46171 | M24: 0 | N24: 0 | O24: =IFERROR(ROUNDUP(AVERAGE($M24:$N24), 0), "") -> 0 | R24: {=_xlfn.XLOOKUP($B24, DB[samplingPoint], DB[Criteria])} -> 100 | S24: =iferror(ifs($O24>R24, "NOT-PASSED", O24<=R24, "PASSED"), "NA") -> PASSED | T24: FALSE | V24: synced
A25: 46168 | B25: OLD06 | C25: {=_xlfn.XLOOKUP(B25, DB[samplingPoint], DB[samplingTag])} -> SV136.09 | D25: PQ3-Week4 | E25: WT-26-0073 | F25: TRUE | G25: {=_xlfn.XLOOKUP($B25, DB[samplingPoint], DB[noLocation])} -> 12-2-039 | H25: Building 12 | I25: {=_xlfn.XLOOKUP($B25, DB[samplingPoint], DB[location])} -> MFG 1 | J25: {=_xlfn.XLOOKUP($B25, DB[samplingPoint], DB[waterType])} -> PW | K25: =$A25+0 -> 46168 | L25: 46171 | M25: 0 | N25: 0 | O25: =IFERROR(ROUNDUP(AVERAGE($M25:$N25), 0), "") -> 0 | R25: {=_xlfn.XLOOKUP($B25, DB[samplingPoint], DB[Criteria])} -> 100 | S25: =iferror(ifs($O25>R25, "NOT-PASSED", O25<=R25, "PASSED"), "NA") -> PASSED | T25: FALSE | V25: synced
A26: 46168 | B26: OLD07 | C26: {=_xlfn.XLOOKUP(B26, DB[samplingPoint], DB[samplingTag])} -> SV136.10 | D26: PQ3-Week4 | E26: WT-26-0073 | F26: TRUE | G26: {=_xlfn.XLOOKUP($B26, DB[samplingPoint], DB[noLocation])} -> 12-2-041 | H26: Building 12 | I26: {=_xlfn.XLOOKUP($B26, DB[samplingPoint], DB[location])} -> MFG 2 | J26: {=_xlfn.XLOOKUP($B26, DB[samplingPoint], DB[waterType])} -> PW | K26: =$A26+0 -> 46168 | L26: 46171 | M26: 0 | N26: 0 | O26: =IFERROR(ROUNDUP(AVERAGE($M26:$N26), 0), "") -> 0 | R26: {=_xlfn.XLOOKUP($B26, DB[samplingPoint], DB[Criteria])} -> 100 | S26: =iferror(ifs($O26>R26, "NOT-PASSED", O26<=R26, "PASSED"), "NA") -> PASSED | T26: FALSE | V26: synced
A27: 46168 | B27: OLD08 | C27: {=_xlfn.XLOOKUP(B27, DB[samplingPoint], DB[samplingTag])} -> SV136.11 | D27: PQ3-Week4 | E27: WT-26-0073 | F27: TRUE | G27: {=_xlfn.XLOOKUP($B27, DB[samplingPoint], DB[noLocation])} -> 12-2-043 | H27: Building 12 | I27: {=_xlfn.XLOOKUP($B27, DB[samplingPoint], DB[location])} -> MFG 3 | J27: {=_xlfn.XLOOKUP($B27, DB[samplingPoint], DB[waterType])} -> PW | K27: =$A27+0 -> 46168 | L27: 46171 | M27: 0 | N27: 0 | O27: =IFERROR(ROUNDUP(AVERAGE($M27:$N27), 0), "") -> 0 | R27: {=_xlfn.XLOOKUP($B27, DB[samplingPoint], DB[Criteria])} -> 100 | S27: =iferror(ifs($O27>R27, "NOT-PASSED", O27<=R27, "PASSED"), "NA") -> PASSED | T27: FALSE | V27: synced
A28: 46168 | B28: OLD09 | C28: {=_xlfn.XLOOKUP(B28, DB[samplingPoint], DB[samplingTag])} -> SV136.13 | D28: PQ3-Week4 | E28: WT-26-0073 | F28: TRUE | G28: {=_xlfn.XLOOKUP($B28, DB[samplingPoint], DB[noLocation])} -> 12-2-043 | H28: Building 12 | I28: {=_xlfn.XLOOKUP($B28, DB[samplingPoint], DB[location])} -> MFG 3 | J28: {=_xlfn.XLOOKUP($B28, DB[samplingPoint], DB[waterType])} -> PW | K28: =$A28+0 -> 46168 | L28: 46171 | M28: 0 | N28: 0 | O28: =IFERROR(ROUNDUP(AVERAGE($M28:$N28), 0), "") -> 0 | R28: {=_xlfn.XLOOKUP($B28, DB[samplingPoint], DB[Criteria])} -> 100 | S28: =iferror(ifs($O28>R28, "NOT-PASSED", O28<=R28, "PASSED"), "NA") -> PASSED | T28: FALSE | V28: synced
A29: 46168 | B29: OLD11 | C29: {=_xlfn.XLOOKUP(B29, DB[samplingPoint], DB[samplingTag])} -> SV136.08 | D29: PQ3-Week4 | E29: WT-26-0073 | F29: TRUE | G29: {=_xlfn.XLOOKUP($B29, DB[samplingPoint], DB[noLocation])} -> 12-2-043 | H29: Building 12 | I29: {=_xlfn.XLOOKUP($B29, DB[samplingPoint], DB[location])} -> MFG 3 | J29: {=_xlfn.XLOOKUP($B29, DB[samplingPoint], DB[waterType])} -> PW | K29: =$A29+0 -> 46168 | L29: 46171 | M29: 0 | N29: 0 | O29: =IFERROR(ROUNDUP(AVERAGE($M29:$N29), 0), "") -> 0 | R29: {=_xlfn.XLOOKUP($B29, DB[samplingPoint], DB[Criteria])} -> 100 | S29: =iferror(ifs($O29>R29, "NOT-PASSED", O29<=R29, "PASSED"), "NA") -> PASSED | T29: FALSE | V29: synced
A30: 46168 | B30: OLD16 | C30: {=_xlfn.XLOOKUP(B30, DB[samplingPoint], DB[samplingTag])} -> SV136.14 | D30: PQ3-Week4 | E30: WT-26-0073 | F30: TRUE | G30: {=_xlfn.XLOOKUP($B30, DB[samplingPoint], DB[noLocation])} -> 12-2-045 | H30: Building 12 | I30: {=_xlfn.XLOOKUP($B30, DB[samplingPoint], DB[location])} -> MFG 4 | J30: {=_xlfn.XLOOKUP($B30, DB[samplingPoint], DB[waterType])} -> PW | K30: =$A30+0 -> 46168 | L30: 46171 | M30: 0 | N30: 0 | O30: =IFERROR(ROUNDUP(AVERAGE($M30:$N30), 0), "") -> 0 | R30: {=_xlfn.XLOOKUP($B30, DB[samplingPoint], DB[Criteria])} -> 100 | S30: =iferror(ifs($O30>R30, "NOT-PASSED", O30<=R30, "PASSED"), "NA") -> PASSED | T30: FALSE | V30: synced
A31: 46168 | B31: OLD18 | C31: {=_xlfn.XLOOKUP(B31, DB[samplingPoint], DB[samplingTag])} -> SV136.02 | D31: PQ3-Week4 | E31: WT-26-0073 | F31: TRUE | G31: {=_xlfn.XLOOKUP($B31, DB[samplingPoint], DB[noLocation])} -> 12-2-024 | H31: Building 12 | I31: {=_xlfn.XLOOKUP($B31, DB[samplingPoint], DB[location])} -> LIQUORICE EXTRACT | J31: {=_xlfn.XLOOKUP($B31, DB[samplingPoint], DB[waterType])} -> PW | K31: =$A31+0 -> 46168 | L31: 46171 | M31: 0 | N31: 0 | O31: =IFERROR(ROUNDUP(AVERAGE($M31:$N31), 0), "") -> 0 | R31: {=_xlfn.XLOOKUP($B31, DB[samplingPoint], DB[Criteria])} -> 100 | S31: =iferror(ifs($O31>R31, "NOT-PASSED", O31<=R31, "PASSED"), "NA") -> PASSED | T31: FALSE | V31: synced
A32: 46168 | B32: OLD32 | C32: {=_xlfn.XLOOKUP(B32, DB[samplingPoint], DB[samplingTag])} -> DV136.08 | D32: PQ3-Week4 | E32: WT-26-0073 | F32: TRUE | G32: {=_xlfn.XLOOKUP($B32, DB[samplingPoint], DB[noLocation])} -> 12-3-042 | H32: Building 12 | I32: {=_xlfn.XLOOKUP($B32, DB[samplingPoint], DB[location])} -> SAMPLE PREPARATION | J32: {=_xlfn.XLOOKUP($B32, DB[samplingPoint], DB[waterType])} -> PW | K32: =$A32+0 -> 46168 | L32: 46171 | M32: 0 | N32: 0 | O32: =IFERROR(ROUNDUP(AVERAGE($M32:$N32), 0), "") -> 0 | R32: {=_xlfn.XLOOKUP($B32, DB[samplingPoint], DB[Criteria])} -> 100 | S32: =iferror(ifs($O32>R32, "NOT-PASSED", O32<=R32, "PASSED"), "NA") -> PASSED | T32: FALSE | V32: synced
A33: 46168 | B33: OLD33 | C33: {=_xlfn.XLOOKUP(B33, DB[samplingPoint], DB[samplingTag])} -> DV136.09 | D33: PQ3-Week4 | E33: WT-26-0073 | F33: TRUE | G33: {=_xlfn.XLOOKUP($B33, DB[samplingPoint], DB[noLocation])} -> 12-3-042 | H33: Building 12 | I33: {=_xlfn.XLOOKUP($B33, DB[samplingPoint], DB[location])} -> SAMPLE PREPARATION | J33: {=_xlfn.XLOOKUP($B33, DB[samplingPoint], DB[waterType])} -> PW | K33: =$A33+0 -> 46168 | L33: 46171 | M33: 0 | N33: 0 | O33: =IFERROR(ROUNDUP(AVERAGE($M33:$N33), 0), "") -> 0 | R33: {=_xlfn.XLOOKUP($B33, DB[samplingPoint], DB[Criteria])} -> 100 | S33: =iferror(ifs($O33>R33, "NOT-PASSED", O33<=R33, "PASSED"), "NA") -> PASSED | T33: FALSE | V33: synced
... A40: 46168 | B40: OCL17 | C40: {=_xlfn.XLOOKUP(B40, DB[samplingPoint], DB[samplingTag])} -> SV126.15 | D40: PQ3-Week4 | E40: WT-26-0074 | F40: TRUE | G40: {=_xlfn.XLOOKUP($B40, DB[samplingPoint], DB[noLocation])} -> 16-3-075 | H40: Building 16 | I40: {=_xlfn.XLOOKUP($B40, DB[samplingPoint], DB[location])} -> MFG 5 PROCESS (2000L) | J40: {=_xlfn.XLOOKUP($B40, DB[samplingPoint], DB[waterType])} -> PW | K40: =$A40+0 -> 46168 | L40: 46171 | M40: 0 | N40: 0 | O40: =IFERROR(ROUNDUP(AVERAGE($M40:$N40), 0), "") -> 0 | R40: {=_xlfn.XLOOKUP($B40, DB[samplingPoint], DB[Criteria])} -> 100 | S40: =iferror(ifs($O40>R40, "NOT-PASSED", O40<=R40, "PASSED"), "NA") -> PASSED | T40: FALSE | V40: synced
A41: 46168 | B41: OCL21 | C41: {=_xlfn.XLOOKUP(B41, DB[samplingPoint], DB[samplingTag])} -> DV126.05 | D41: PQ3-Week4 | E41: WT-26-0074 | F41: TRUE | G41: {=_xlfn.XLOOKUP($B41, DB[samplingPoint], DB[noLocation])} -> 16-3-054 | H41: Building 16 | I41: {=_xlfn.XLOOKUP($B41, DB[samplingPoint], DB[location])} -> WASHING | J41: {=_xlfn.XLOOKUP($B41, DB[samplingPoint], DB[waterType])} -> PW | K41: =$A41+0 -> 46168 | L41: 46171 | M41: 5 | N41: 33 | O41: =IFERROR(ROUNDUP(AVERAGE($M41:$N41), 0), "") -> 19 | P41: COMMU: PW-M-2-26-005 | R41: {=_xlfn.XLOOKUP($B41, DB[samplingPoint], DB[Criteria])} -> 100 | S41: =iferror(ifs($O41>R41, "NOT-PASSED", O41<=R41, "PASSED"), "NA") -> PASSED | T41: FALSE | V41: synced
A42: 46168 | B42: OCL23 | C42: {=_xlfn.XLOOKUP(B42, DB[samplingPoint], DB[samplingTag])} -> SV126.04 | D42: PQ3-Week4 | E42: WT-26-0074 | F42: TRUE | G42: {=_xlfn.XLOOKUP($B42, DB[samplingPoint], DB[noLocation])} -> 16-2-010 | H42: Building 16 | I42: {=_xlfn.XLOOKUP($B42, DB[samplingPoint], DB[location])} -> WATER SYSTEM (PSG) | J42: {=_xlfn.XLOOKUP($B42, DB[samplingPoint], DB[waterType])} -> PW | K42: =$A42+0 -> 46168 | L42: 46171 | M42: 0 | N42: 0 | O42: =IFERROR(ROUNDUP(AVERAGE($M42:$N42), 0), "") -> 0 | R42: {=_xlfn.XLOOKUP($B42, DB[samplingPoint], DB[Criteria])} -> 100 | S42: =iferror(ifs($O42>R42, "NOT-PASSED", O42<=R42, "PASSED"), "NA") -> PASSED | T42: FALSE | V42: synced
A43: 46171 | B43: OCL13 | C43: {=_xlfn.XLOOKUP(B43, DB[samplingPoint], DB[samplingTag])} -> SV126.19 | D43: PQ3-Week4 | E43: WT-26-0080 | F43: TRUE | G43: {=_xlfn.XLOOKUP($B43, DB[samplingPoint], DB[noLocation])} -> 16-3-087 | H43: Building 16 | I43: {=_xlfn.XLOOKUP($B43, DB[samplingPoint], DB[location])} -> CIP 2 (EQUIPMENT REQUIREMENT) | J43: {=_xlfn.XLOOKUP($B43, DB[samplingPoint], DB[waterType])} -> PW | K43: =$A43+1 -> 46172 | L43: 46175 | M43: 0 | N43: 0 | O43: =IFERROR(ROUNDUP(AVERAGE($M43:$N43), 0), "") -> 0 | R43: {=_xlfn.XLOOKUP($B43, DB[samplingPoint], DB[Criteria])} -> 100 | S43: =iferror(ifs($O43>R43, "NOT-PASSED", O43<=R43, "PASSED"), "NA") -> PASSED | T43: FALSE | V43: synced
A44: 46171 | B44: GOSD08 | C44: {=_xlfn.XLOOKUP(B44, DB[samplingPoint], DB[samplingTag])} -> SV117.01 | D44: PQ3-Week4 | E44: WT-26-0075 | F44: TRUE | G44: {=_xlfn.XLOOKUP($B44, DB[samplingPoint], DB[noLocation])} -> WATER SYSTEM (B10) | H44: Building 10 | I44: {=_xlfn.XLOOKUP($B44, DB[samplingPoint], DB[location])} -> Return loop (B10) | J44: {=_xlfn.XLOOKUP($B44, DB[samplingPoint], DB[waterType])} -> PW | K44: =$A44+1 -> 46172 | L44: 46175 | M44: 0 | N44: 0 | O44: =IFERROR(ROUNDUP(AVERAGE($M44:$N44), 0), "") -> 0 | R44: {=_xlfn.XLOOKUP($B44, DB[samplingPoint], DB[Criteria])} -> 100 | S44: =iferror(ifs($O44>R44, "NOT-PASSED", O44<=R44, "PASSED"), "NA") -> PASSED | T44: FALSE | V44: synced
A45: 46171 | B45: OSD01 | C45: {=_xlfn.XLOOKUP(B45, DB[samplingPoint], DB[samplingTag])} -> SV116.15 | D45: PQ3-Week4 | E45: WT-26-0075 | F45: TRUE | G45: {=_xlfn.XLOOKUP($B45, DB[samplingPoint], DB[noLocation])} -> 10-4-012 | H45: Building 10 | I45: {=_xlfn.XLOOKUP($B45, DB[samplingPoint], DB[location])} -> CIP SKID-1 FOR BIN WASHING-1 | J45: {=_xlfn.XLOOKUP($B45, DB[samplingPoint], DB[waterType])} -> PW | K45: =$A45+1 -> 46172 | L45: 46175 | M45: 0 | N45: 0 | O45: =IFERROR(ROUNDUP(AVERAGE($M45:$N45), 0), "") -> 0 | R45: {=_xlfn.XLOOKUP($B45, DB[samplingPoint], DB[Criteria])} -> 100 | S45: =iferror(ifs($O45>R45, "NOT-PASSED", O45<=R45, "PASSED"), "NA") -> PASSED | T45: FALSE | V45: synced
A46: 46171 | B46: OSD02 | C46: {=_xlfn.XLOOKUP(B46, DB[samplingPoint], DB[samplingTag])} -> SV116.16 | D46: PQ3-Week4 | E46: WT-26-0075 | F46: TRUE | G46: {=_xlfn.XLOOKUP($B46, DB[samplingPoint], DB[noLocation])} -> 10-4-012 | H46: Building 10 | I46: {=_xlfn.XLOOKUP($B46, DB[samplingPoint], DB[location])} -> WIP SKID-3 FOR GRANULATION POTENT | J46: {=_xlfn.XLOOKUP($B46, DB[samplingPoint], DB[waterType])} -> PW | K46: =$A46+1 -> 46172 | L46: 46175 | M46: 0 | N46: 0 | O46: =IFERROR(ROUNDUP(AVERAGE($M46:$N46), 0), "") -> 0 | R46: {=_xlfn.XLOOKUP($B46, DB[samplingPoint], DB[Criteria])} -> 100 | S46: =iferror(ifs($O46>R46, "NOT-PASSED", O46<=R46, "PASSED"), "NA") -> PASSED | T46: FALSE | V46: synced
A47: 46171 | B47: OSD03 | C47: {=_xlfn.XLOOKUP(B47, DB[samplingPoint], DB[samplingTag])} -> SV116.17 | D47: PQ3-Week4 | E47: WT-26-0075 | F47: TRUE | G47: {=_xlfn.XLOOKUP($B47, DB[samplingPoint], DB[noLocation])} -> 10-4-012 | H47: Building 10 | I47: {=_xlfn.XLOOKUP($B47, DB[samplingPoint], DB[location])} -> CIP SKID-2 FOR BIN WASHING-1 | J47: {=_xlfn.XLOOKUP($B47, DB[samplingPoint], DB[waterType])} -> PW | K47: =$A47+1 -> 46172 | L47: 46175 | M47: 0 | N47: 0 | O47: =IFERROR(ROUNDUP(AVERAGE($M47:$N47), 0), "") -> 0 | R47: {=_xlfn.XLOOKUP($B47, DB[samplingPoint], DB[Criteria])} -> 100 | S47: =iferror(ifs($O47>R47, "NOT-PASSED", O47<=R47, "PASSED"), "NA") -> PASSED | T47: FALSE | V47: synced
A48: 46171 | B48: OSD04 | C48: {=_xlfn.XLOOKUP(B48, DB[samplingPoint], DB[samplingTag])} -> SV116.18 | D48: PQ3-Week4 | E48: WT-26-0075 | F48: TRUE | G48: {=_xlfn.XLOOKUP($B48, DB[samplingPoint], DB[noLocation])} -> 10-4-012 | H48: Building 10 | I48: {=_xlfn.XLOOKUP($B48, DB[samplingPoint], DB[location])} -> WIP SKID-1 FOR GRANULATION NON POTENT | J48: {=_xlfn.XLOOKUP($B48, DB[samplingPoint], DB[waterType])} -> PW | K48: =$A48+1 -> 46172 | L48: 46175 | M48: 0 | N48: 0 | O48: =IFERROR(ROUNDUP(AVERAGE($M48:$N48), 0), "") -> 0 | R48: {=_xlfn.XLOOKUP($B48, DB[samplingPoint], DB[Criteria])} -> 100 | S48: =iferror(ifs($O48>R48, "NOT-PASSED", O48<=R48, "PASSED"), "NA") -> PASSED | T48: FALSE | V48: synced
A49: 46171 | B49: OSD05 | C49: {=_xlfn.XLOOKUP(B49, DB[samplingPoint], DB[samplingTag])} -> SV116.19 | D49: PQ3-Week4 | E49: WT-26-0075 | F49: TRUE | G49: {=_xlfn.XLOOKUP($B49, DB[samplingPoint], DB[noLocation])} -> 10-4-012 | H49: Building 10 | I49: {=_xlfn.XLOOKUP($B49, DB[samplingPoint], DB[location])} -> WIP SKID-2 FOR GRANULATION NON POTENT | J49: {=_xlfn.XLOOKUP($B49, DB[samplingPoint], DB[waterType])} -> PW | K49: =$A49+1 -> 46172 | L49: 46175 | M49: 8 | N49: 19 | O49: =IFERROR(ROUNDUP(AVERAGE($M49:$N49), 0), "") -> 14 | P49: COMMU : PW-M-2-26-002 | R49: {=_xlfn.XLOOKUP($B49, DB[samplingPoint], DB[Criteria])} -> 100 | S49: =iferror(ifs($O49>R49, "NOT-PASSED", O49<=R49, "PASSED"), "NA") -> PASSED | T49: FALSE | V49: synced
A50: 46171 | B50: OSD34 | C50: {=_xlfn.XLOOKUP(B50, DB[samplingPoint], DB[samplingTag])} -> SV116.02 | D50: PQ3-Week4 | E50: WT-26-0075 | F50: TRUE | G50: {=_xlfn.XLOOKUP($B50, DB[samplingPoint], DB[noLocation])} -> 10-2-037 | H50: Building 10 | I50: {=_xlfn.XLOOKUP($B50, DB[samplingPoint], DB[location])} -> SKID FOR BIN WASHING-2 | J50: {=_xlfn.XLOOKUP($B50, DB[samplingPoint], DB[waterType])} -> PW | K50: =$A50+1 -> 46172 | L50: 46175 | M50: 0 | N50: 0 | O50: =IFERROR(ROUNDUP(AVERAGE($M50:$N50), 0), "") -> 0 | R50: {=_xlfn.XLOOKUP($B50, DB[samplingPoint], DB[Criteria])} -> 100 | S50: =iferror(ifs($O50>R50, "NOT-PASSED", O50<=R50, "PASSED"), "NA") -> PASSED | T50: FALSE | V50: synced
A51: 46171 | B51: OSD35 | C51: {=_xlfn.XLOOKUP(B51, DB[samplingPoint], DB[samplingTag])} -> SV116.01 | D51: PQ3-Week4 | E51: WT-26-0075 | F51: TRUE | G51: {=_xlfn.XLOOKUP($B51, DB[samplingPoint], DB[noLocation])} -> 10-2-021 | H51: Building 10 | I51: {=_xlfn.XLOOKUP($B51, DB[samplingPoint], DB[location])} -> INSTRUMENT-1 | J51: {=_xlfn.XLOOKUP($B51, DB[samplingPoint], DB[waterType])} -> PW | K51: =$A51+1 -> 46172 | L51: 46175 | M51: 0 | N51: 0 | O51: =IFERROR(ROUNDUP(AVERAGE($M51:$N51), 0), "") -> 0 | R51: {=_xlfn.XLOOKUP($B51, DB[samplingPoint], DB[Criteria])} -> 100 | S51: =iferror(ifs($O51>R51, "NOT-PASSED", O51<=R51, "PASSED"), "NA") -> PASSED | T51: FALSE | V51: synced
A52: 46171 | B52: OSD43 | C52: {=_xlfn.XLOOKUP(B52, DB[samplingPoint], DB[samplingTag])} -> DV116.26 | D52: PQ3-Week4 | E52: WT-26-0075 | F52: TRUE | G52: {=_xlfn.XLOOKUP($B52, DB[samplingPoint], DB[noLocation])} -> 10-4-015 | H52: Building 10 | I52: {=_xlfn.XLOOKUP($B52, DB[samplingPoint], DB[location])} -> WATER SYSTEM ROOM | J52: {=_xlfn.XLOOKUP($B52, DB[samplingPoint], DB[waterType])} -> PW | K52: =$A52+1 -> 46172 | L52: 46175 | M52: 0 | N52: 0 | O52: =IFERROR(ROUNDUP(AVERAGE($M52:$N52), 0), "") -> 0 | R52: {=_xlfn.XLOOKUP($B52, DB[samplingPoint], DB[Criteria])} -> 100 | S52: =iferror(ifs($O52>R52, "NOT-PASSED", O52<=R52, "PASSED"), "NA") -> PASSED | T52: FALSE | V52: synced
A53: 46175 | B53: GOCL01 | C53: {=_xlfn.XLOOKUP(B53, DB[samplingPoint], DB[samplingTag])} -> VB-05 (16) | D53: PQ3-Week1 | E53: WT-26-0076 | F53: TRUE | G53: {=_xlfn.XLOOKUP($B53, DB[samplingPoint], DB[noLocation])} -> WATER SYSTEM (B16) | H53: Building 16 | I53: {=_xlfn.XLOOKUP($B53, DB[samplingPoint], DB[location])} -> After Chlorine circulation tank (B16) | J53: {=_xlfn.XLOOKUP($B53, DB[samplingPoint], DB[waterType])} -> PRW | K53: =$A53+1 -> 46176 | L53: 46179 | M53: 4 | N53: 1 | O53: =IFERROR(ROUNDUP(AVERAGE($M53:$N53), 0), "") -> 3 | R53: {=_xlfn.XLOOKUP($B53, DB[samplingPoint], DB[Criteria])} -> 500 | S53: =iferror(ifs($O53>R53, "NOT-PASSED", O53<=R53, "PASSED"), "NA") -> PASSED | T53: FALSE | V53: synced
A54: 46175 | B54: GOCL02 | C54: {=_xlfn.XLOOKUP(B54, DB[samplingPoint], DB[samplingTag])} -> V50-61 (16) | D54: PQ3-Week1 | E54: WT-26-0076 | F54: TRUE | G54: {=_xlfn.XLOOKUP($B54, DB[samplingPoint], DB[noLocation])} -> WATER SYSTEM (B16) | H54: Building 16 | I54: {=_xlfn.XLOOKUP($B54, DB[samplingPoint], DB[location])} -> After Cartridge filter 5 µm (B16) | J54: {=_xlfn.XLOOKUP($B54, DB[samplingPoint], DB[waterType])} -> PRW | K54: =$A54+1 -> 46176 | L54: 46179 | M54: 1 | N54: 0 | O54: =IFERROR(ROUNDUP(AVERAGE($M54:$N54), 0), "") -> 1 | R54: {=_xlfn.XLOOKUP($B54, DB[samplingPoint], DB[Criteria])} -> 500 | S54: =iferror(ifs($O54>R54, "NOT-PASSED", O54<=R54, "PASSED"), "NA") -> PASSED | T54: FALSE | V54: synced
A55: 46175 | B55: GOCL03 | C55: {=_xlfn.XLOOKUP(B55, DB[samplingPoint], DB[samplingTag])} -> V50-11C (16) | D55: PQ3-Week1 | E55: WT-26-0076 | F55: TRUE | G55: {=_xlfn.XLOOKUP($B55, DB[samplingPoint], DB[noLocation])} -> WATER SYSTEM (B16) | H55: Building 16 | I55: {=_xlfn.XLOOKUP($B55, DB[samplingPoint], DB[location])} -> After RO (Before EDI) (B16) | J55: {=_xlfn.XLOOKUP($B55, DB[samplingPoint], DB[waterType])} -> RO water | K55: =$A55+1 -> 46176 | L55: 46179 | M55: 0 | N55: 0 | O55: =IFERROR(ROUNDUP(AVERAGE($M55:$N55), 0), "") -> 0 | R55: {=_xlfn.XLOOKUP($B55, DB[samplingPoint], DB[Criteria])} -> 500 | S55: =iferror(ifs($O55>R55, "NOT-PASSED", O55<=R55, "PASSED"), "NA") -> PASSED | T55: FALSE | V55: synced
A56: 46175 | B56: GOCL04 | C56: {=_xlfn.XLOOKUP(B56, DB[samplingPoint], DB[samplingTag])} -> V50-39 (16) | D56: PQ3-Week1 | E56: WT-26-0076 | F56: TRUE | G56: {=_xlfn.XLOOKUP($B56, DB[samplingPoint], DB[noLocation])} -> WATER SYSTEM (B16) | H56: Building 16 | I56: {=_xlfn.XLOOKUP($B56, DB[samplingPoint], DB[location])} -> After EDI (B16) | J56: {=_xlfn.XLOOKUP($B56, DB[samplingPoint], DB[waterType])} -> PW | K56: =$A56+1 -> 46176 | L56: 46179 | M56: 0 | N56: 0 | O56: =IFERROR(ROUNDUP(AVERAGE($M56:$N56), 0), "") -> 0 | R56: {=_xlfn.XLOOKUP($B56, DB[samplingPoint], DB[Criteria])} -> 100 | S56: =iferror(ifs($O56>R56, "NOT-PASSED", O56<=R56, "PASSED"), "NA") -> PASSED | T56: FALSE | V56: synced
A57: 46175 | B57: GOCL08 | C57: {=_xlfn.XLOOKUP(B57, DB[samplingPoint], DB[samplingTag])} -> SV127.01 | D57: PQ3-Week1 | E57: WT-26-0076 | F57: TRUE | G57: {=_xlfn.XLOOKUP($B57, DB[samplingPoint], DB[noLocation])} -> WATER SYSTEM (B16) | H57: Building 16 | I57: {=_xlfn.XLOOKUP($B57, DB[samplingPoint], DB[location])} -> Return loop (B16) | J57: {=_xlfn.XLOOKUP($B57, DB[samplingPoint], DB[waterType])} -> PW | K57: =$A57+1 -> 46176 | L57: 46179 | M57: 0 | N57: 0 | O57: =IFERROR(ROUNDUP(AVERAGE($M57:$N57), 0), "") -> 0 | R57: {=_xlfn.XLOOKUP($B57, DB[samplingPoint], DB[Criteria])} -> 100 | S57: =iferror(ifs($O57>R57, "NOT-PASSED", O57<=R57, "PASSED"), "NA") -> PASSED | T57: FALSE | V57: synced
A58: 46175 | B58: OCL01 | C58: {=_xlfn.XLOOKUP(B58, DB[samplingPoint], DB[samplingTag])} -> DV126.02 | D58: PQ3-Week1 | E58: WT-26-0076 | F58: TRUE | G58: {=_xlfn.XLOOKUP($B58, DB[samplingPoint], DB[noLocation])} -> 16-1-082 | H58: Building 16 | I58: {=_xlfn.XLOOKUP($B58, DB[samplingPoint], DB[location])} -> WASHING | J58: {=_xlfn.XLOOKUP($B58, DB[samplingPoint], DB[waterType])} -> PW | K58: =$A58+1 -> 46176 | L58: 46179 | M58: 0 | N58: 0 | O58: =IFERROR(ROUNDUP(AVERAGE($M58:$N58), 0), "") -> 0 | R58: {=_xlfn.XLOOKUP($B58, DB[samplingPoint], DB[Criteria])} -> 100 | S58: =iferror(ifs($O58>R58, "NOT-PASSED", O58<=R58, "PASSED"), "NA") -> PASSED | T58: FALSE | V58: synced
A59: 46175 | B59: OCL02 | C59: {=_xlfn.XLOOKUP(B59, DB[samplingPoint], DB[samplingTag])} -> DV126.01 | D59: PQ3-Week1 | E59: WT-26-0076 | F59: TRUE | G59: {=_xlfn.XLOOKUP($B59, DB[samplingPoint], DB[noLocation])} -> 16-1-082 | H59: Building 16 | I59: {=_xlfn.XLOOKUP($B59, DB[samplingPoint], DB[location])} -> WASHING | J59: {=_xlfn.XLOOKUP($B59, DB[samplingPoint], DB[waterType])} -> PW | K59: =$A59+1 -> 46176 | L59: 46179 | M59: 0 | N59: 0 | O59: =IFERROR(ROUNDUP(AVERAGE($M59:$N59), 0), "") -> 0 | R59: {=_xlfn.XLOOKUP($B59, DB[samplingPoint], DB[Criteria])} -> 100 | S59: =iferror(ifs($O59>R59, "NOT-PASSED", O59<=R59, "PASSED"), "NA") -> PASSED | T59: FALSE | V59: synced
A60: 46175 | B60: OCL03 | C60: {=_xlfn.XLOOKUP(B60, DB[samplingPoint], DB[samplingTag])} -> SV126.02 | D60: PQ3-Week1 | E60: WT-26-0076 | F60: TRUE | G60: {=_xlfn.XLOOKUP($B60, DB[samplingPoint], DB[noLocation])} -> 16-1-098 | H60: Building 16 | I60: {=_xlfn.XLOOKUP($B60, DB[samplingPoint], DB[location])} -> CIP/SIP (EQUIPMENT REQUIREMENT – 200L) | J60: {=_xlfn.XLOOKUP($B60, DB[samplingPoint], DB[waterType])} -> PW | K60: =$A60+1 -> 46176 | L60: 46179 | M60: 0 | N60: 0 | O60: =IFERROR(ROUNDUP(AVERAGE($M60:$N60), 0), "") -> 0 | R60: {=_xlfn.XLOOKUP($B60, DB[samplingPoint], DB[Criteria])} -> 100 | S60: =iferror(ifs($O60>R60, "NOT-PASSED", O60<=R60, "PASSED"), "NA") -> PASSED | T60: FALSE | V60: synced
A61: 46175 | B61: OCL04 | C61: {=_xlfn.XLOOKUP(B61, DB[samplingPoint], DB[samplingTag])} -> DV126.03 | D61: PQ3-Week1 | E61: WT-26-0076 | F61: TRUE | G61: {=_xlfn.XLOOKUP($B61, DB[samplingPoint], DB[noLocation])} -> 16-1-098 | H61: Building 16 | I61: {=_xlfn.XLOOKUP($B61, DB[samplingPoint], DB[location])} -> CIP/SIP (SINK WASHING) | J61: {=_xlfn.XLOOKUP($B61, DB[samplingPoint], DB[waterType])} -> PW | K61: =$A61+1 -> 46176 | L61: 46179 | M61: 0 | N61: 0 | O61: =IFERROR(ROUNDUP(AVERAGE($M61:$N61), 0), "") -> 0 | R61: {=_xlfn.XLOOKUP($B61, DB[samplingPoint], DB[Criteria])} -> 100 | S61: =iferror(ifs($O61>R61, "NOT-PASSED", O61<=R61, "PASSED"), "NA") -> PASSED | T61: FALSE | V61: synced
... A63: 46175 | B63: OCL22 | C63: {=_xlfn.XLOOKUP(B63, DB[samplingPoint], DB[samplingTag])} -> SV126.03 | D63: PQ3-Week1 | E63: WT-26-0076 | F63: TRUE | G63: {=_xlfn.XLOOKUP($B63, DB[samplingPoint], DB[noLocation])} -> 16-2-010 | H63: Building 16 | I63: {=_xlfn.XLOOKUP($B63, DB[samplingPoint], DB[location])} -> WATER SYSTEM (WFI) | J63: {=_xlfn.XLOOKUP($B63, DB[samplingPoint], DB[waterType])} -> PW | K63: =$A63+1 -> 46176 | L63: 46179 | M63: 0 | N63: 0 | O63: =IFERROR(ROUNDUP(AVERAGE($M63:$N63), 0), "") -> 0 | R63: {=_xlfn.XLOOKUP($B63, DB[samplingPoint], DB[Criteria])} -> 100 | S63: =iferror(ifs($O63>R63, "NOT-PASSED", O63<=R63, "PASSED"), "NA") -> PASSED | T63: FALSE | V63: synced
A64: 46175 | B64: GOLD01 | C64: {=_xlfn.XLOOKUP(B64, DB[samplingPoint], DB[samplingTag])} -> VB-05 (12) | D64: PQ3-Week1 | E64: WT-26-0077 | F64: TRUE | G64: {=_xlfn.XLOOKUP($B64, DB[samplingPoint], DB[noLocation])} -> WATER SYSTEM (B12) | H64: Building 12 | I64: {=_xlfn.XLOOKUP($B64, DB[samplingPoint], DB[location])} -> After Chlorine circulation tank | J64: {=_xlfn.XLOOKUP($B64, DB[samplingPoint], DB[waterType])} -> PRW | K64: =$A64+1 -> 46176 | L64: 46179 | O64: =IFERROR(ROUNDUP(AVERAGE($M64:$N64), 0), "") | Q64: เก็บไม่ได้ | R64: {=_xlfn.XLOOKUP($B64, DB[samplingPoint], DB[Criteria])} -> 500 | S64: =iferror(ifs($O64>R64, "NOT-PASSED", O64<=R64, "PASSED"), "NA") -> NOT-PASSED | T64: FALSE | V64: synced
A65: 46175 | B65: GOLD02 | C65: {=_xlfn.XLOOKUP(B65, DB[samplingPoint], DB[samplingTag])} -> V50-61 (12) | D65: PQ3-Week1 | E65: WT-26-0077 | F65: TRUE | G65: {=_xlfn.XLOOKUP($B65, DB[samplingPoint], DB[noLocation])} -> WATER SYSTEM (B12) | H65: Building 12 | I65: {=_xlfn.XLOOKUP($B65, DB[samplingPoint], DB[location])} -> After Cartridge filter 5 µm (B12) | J65: {=_xlfn.XLOOKUP($B65, DB[samplingPoint], DB[waterType])} -> PRW | K65: =$A65+1 -> 46176 | L65: 46179 | M65: 163 | N65: 144 | O65: =IFERROR(ROUNDUP(AVERAGE($M65:$N65), 0), "") -> 154 | R65: {=_xlfn.XLOOKUP($B65, DB[samplingPoint], DB[Criteria])} -> 500 | S65: =iferror(ifs($O65>R65, "NOT-PASSED", O65<=R65, "PASSED"), "NA") -> PASSED | T65: FALSE | V65: synced
A66: 46175 | B66: GOLD03 | C66: {=_xlfn.XLOOKUP(B66, DB[samplingPoint], DB[samplingTag])} -> V50-11C (12) | D66: PQ3-Week1 | E66: WT-26-0077 | F66: TRUE | G66: {=_xlfn.XLOOKUP($B66, DB[samplingPoint], DB[noLocation])} -> WATER SYSTEM (B12) | H66: Building 12 | I66: {=_xlfn.XLOOKUP($B66, DB[samplingPoint], DB[location])} -> After RO (Before EDI) (B12) | J66: {=_xlfn.XLOOKUP($B66, DB[samplingPoint], DB[waterType])} -> RO water | K66: =$A66+1 -> 46176 | L66: 46179 | M66: 0 | N66: 0 | O66: =IFERROR(ROUNDUP(AVERAGE($M66:$N66), 0), "") -> 0 | R66: {=_xlfn.XLOOKUP($B66, DB[samplingPoint], DB[Criteria])} -> 500 | S66: =iferror(ifs($O66>R66, "NOT-PASSED", O66<=R66, "PASSED"), "NA") -> PASSED | T66: FALSE | V66: synced
A67: 46175 | B67: GOLD04 | C67: {=_xlfn.XLOOKUP(B67, DB[samplingPoint], DB[samplingTag])} -> V50-39 (12) | D67: PQ3-Week1 | E67: WT-26-0077 | F67: TRUE | G67: {=_xlfn.XLOOKUP($B67, DB[samplingPoint], DB[noLocation])} -> WATER SYSTEM (B12) | H67: Building 12 | I67: {=_xlfn.XLOOKUP($B67, DB[samplingPoint], DB[location])} -> After EDI (B12) | J67: {=_xlfn.XLOOKUP($B67, DB[samplingPoint], DB[waterType])} -> PW | K67: =$A67+1 -> 46176 | L67: 46179 | M67: 0 | N67: 0 | O67: =IFERROR(ROUNDUP(AVERAGE($M67:$N67), 0), "") -> 0 | R67: {=_xlfn.XLOOKUP($B67, DB[samplingPoint], DB[Criteria])} -> 100 | S67: =iferror(ifs($O67>R67, "NOT-PASSED", O67<=R67, "PASSED"), "NA") -> PASSED | T67: FALSE | V67: synced
A68: 46175 | B68: GOLD07 | C68: {=_xlfn.XLOOKUP(B68, DB[samplingPoint], DB[samplingTag])} -> SV137.01 | D68: PQ3-Week1 | E68: WT-26-0077 | F68: TRUE | G68: {=_xlfn.XLOOKUP($B68, DB[samplingPoint], DB[noLocation])} -> WATER SYSTEM (B12) | H68: Building 12 | I68: {=_xlfn.XLOOKUP($B68, DB[samplingPoint], DB[location])} -> Return loop (B12) | J68: {=_xlfn.XLOOKUP($B68, DB[samplingPoint], DB[waterType])} -> PW | K68: =$A68+1 -> 46176 | L68: 46179 | M68: 0 | N68: 0 | O68: =IFERROR(ROUNDUP(AVERAGE($M68:$N68), 0), "") -> 0 | R68: {=_xlfn.XLOOKUP($B68, DB[samplingPoint], DB[Criteria])} -> 100 | S68: =iferror(ifs($O68>R68, "NOT-PASSED", O68<=R68, "PASSED"), "NA") -> PASSED | T68: FALSE | V68: synced
A69: 46175 | B69: OLD21 | C69: {=_xlfn.XLOOKUP(B69, DB[samplingPoint], DB[samplingTag])} -> DV136.15 | D69: PQ3-Week1 | E69: WT-26-0077 | F69: TRUE | G69: {=_xlfn.XLOOKUP($B69, DB[samplingPoint], DB[noLocation])} -> 12-3-078 | H69: Building 12 | I69: {=_xlfn.XLOOKUP($B69, DB[samplingPoint], DB[location])} -> GLASSWARE WASHING 2 | J69: {=_xlfn.XLOOKUP($B69, DB[samplingPoint], DB[waterType])} -> PW | K69: =$A69+1 -> 46176 | L69: 46179 | M69: 0 | N69: 0 | O69: =IFERROR(ROUNDUP(AVERAGE($M69:$N69), 0), "") -> 0 | R69: {=_xlfn.XLOOKUP($B69, DB[samplingPoint], DB[Criteria])} -> 100 | S69: =iferror(ifs($O69>R69, "NOT-PASSED", O69<=R69, "PASSED"), "NA") -> PASSED | T69: FALSE | V69: synced
A70: 46175 | B70: OLD22 | C70: {=_xlfn.XLOOKUP(B70, DB[samplingPoint], DB[samplingTag])} -> DV136.13 | D70: PQ3-Week1 | E70: WT-26-0077 | F70: TRUE | G70: {=_xlfn.XLOOKUP($B70, DB[samplingPoint], DB[noLocation])} -> 12-3-057 | H70: Building 12 | I70: {=_xlfn.XLOOKUP($B70, DB[samplingPoint], DB[location])} -> STERILIZATION | J70: {=_xlfn.XLOOKUP($B70, DB[samplingPoint], DB[waterType])} -> PW | K70: =$A70+1 -> 46176 | L70: 46179 | M70: 0 | N70: 0 | O70: =IFERROR(ROUNDUP(AVERAGE($M70:$N70), 0), "") -> 0 | R70: {=_xlfn.XLOOKUP($B70, DB[samplingPoint], DB[Criteria])} -> 100 | S70: =iferror(ifs($O70>R70, "NOT-PASSED", O70<=R70, "PASSED"), "NA") -> PASSED | T70: FALSE | V70: synced
A71: 46175 | B71: OLD23 | C71: {=_xlfn.XLOOKUP(B71, DB[samplingPoint], DB[samplingTag])} -> SV136.18 | D71: PQ3-Week1 | E71: WT-26-0077 | F71: TRUE | G71: {=_xlfn.XLOOKUP($B71, DB[samplingPoint], DB[noLocation])} -> 12-3-059 | H71: Building 12 | I71: {=_xlfn.XLOOKUP($B71, DB[samplingPoint], DB[location])} -> AUTOCLAVE | J71: {=_xlfn.XLOOKUP($B71, DB[samplingPoint], DB[waterType])} -> PW | K71: =$A71+1 -> 46176 | L71: 46179 | M71: 0 | N71: 0 | O71: =IFERROR(ROUNDUP(AVERAGE($M71:$N71), 0), "") -> 0 | R71: {=_xlfn.XLOOKUP($B71, DB[samplingPoint], DB[Criteria])} -> 100 | S71: =iferror(ifs($O71>R71, "NOT-PASSED", O71<=R71, "PASSED"), "NA") -> PASSED | T71: FALSE | V71: synced
A72: 46175 | B72: OLD24 | C72: {=_xlfn.XLOOKUP(B72, DB[samplingPoint], DB[samplingTag])} -> DV136.11 | D72: PQ3-Week1 | E72: WT-26-0077 | F72: TRUE | G72: {=_xlfn.XLOOKUP($B72, DB[samplingPoint], DB[noLocation])} -> 12-3-059 | H72: Building 12 | I72: {=_xlfn.XLOOKUP($B72, DB[samplingPoint], DB[location])} -> AUTOCLAVE | J72: {=_xlfn.XLOOKUP($B72, DB[samplingPoint], DB[waterType])} -> PW | K72: =$A72+1 -> 46176 | L72: 46179 | M72: 0 | N72: 0 | O72: =IFERROR(ROUNDUP(AVERAGE($M72:$N72), 0), "") -> 0 | R72: {=_xlfn.XLOOKUP($B72, DB[samplingPoint], DB[Criteria])} -> 100 | S72: =iferror(ifs($O72>R72, "NOT-PASSED", O72<=R72, "PASSED"), "NA") -> PASSED | T72: FALSE | V72: synced
A73: 46175 | B73: OLD25 | C73: {=_xlfn.XLOOKUP(B73, DB[samplingPoint], DB[samplingTag])} -> DV136.12 | D73: PQ3-Week1 | E73: WT-26-0077 | F73: TRUE | G73: {=_xlfn.XLOOKUP($B73, DB[samplingPoint], DB[noLocation])} -> 12-3-056 | H73: Building 12 | I73: {=_xlfn.XLOOKUP($B73, DB[samplingPoint], DB[location])} -> MEDIA PREPARATION | J73: {=_xlfn.XLOOKUP($B73, DB[samplingPoint], DB[waterType])} -> PW | K73: =$A73+1 -> 46176 | L73: 46179 | M73: 0 | N73: 0 | O73: =IFERROR(ROUNDUP(AVERAGE($M73:$N73), 0), "") -> 0 | R73: {=_xlfn.XLOOKUP($B73, DB[samplingPoint], DB[Criteria])} -> 100 | S73: =iferror(ifs($O73>R73, "NOT-PASSED", O73<=R73, "PASSED"), "NA") -> PASSED | T73: FALSE | V73: synced
A74: 46175 | B74: OLD26 | C74: {=_xlfn.XLOOKUP(B74, DB[samplingPoint], DB[samplingTag])} -> DV136.10 | D74: PQ3-Week1 | E74: WT-26-0077 | F74: TRUE | G74: {=_xlfn.XLOOKUP($B74, DB[samplingPoint], DB[noLocation])} -> 12-3-056 | H74: Building 12 | I74: {=_xlfn.XLOOKUP($B74, DB[samplingPoint], DB[location])} -> MEDIA PREPARATION | J74: {=_xlfn.XLOOKUP($B74, DB[samplingPoint], DB[waterType])} -> PW | K74: =$A74+1 -> 46176 | L74: 46179 | M74: 0 | N74: 0 | O74: =IFERROR(ROUNDUP(AVERAGE($M74:$N74), 0), "") -> 0 | R74: {=_xlfn.XLOOKUP($B74, DB[samplingPoint], DB[Criteria])} -> 100 | S74: =iferror(ifs($O74>R74, "NOT-PASSED", O74<=R74, "PASSED"), "NA") -> PASSED | T74: FALSE | V74: synced
A75: 46175 | B75: OLD27 | C75: {=_xlfn.XLOOKUP(B75, DB[samplingPoint], DB[samplingTag])} -> DV136.14 | D75: PQ3-Week1 | E75: WT-26-0077 | F75: TRUE | G75: {=_xlfn.XLOOKUP($B75, DB[samplingPoint], DB[noLocation])} -> 12-3-074 | H75: Building 12 | I75: {=_xlfn.XLOOKUP($B75, DB[samplingPoint], DB[location])} -> DECONTAMINATION | J75: {=_xlfn.XLOOKUP($B75, DB[samplingPoint], DB[waterType])} -> PW | K75: =$A75+1 -> 46176 | L75: 46179 | M75: 0 | N75: 0 | O75: =IFERROR(ROUNDUP(AVERAGE($M75:$N75), 0), "") -> 0 | R75: {=_xlfn.XLOOKUP($B75, DB[samplingPoint], DB[Criteria])} -> 100 | S75: =iferror(ifs($O75>R75, "NOT-PASSED", O75<=R75, "PASSED"), "NA") -> PASSED | T75: FALSE | V75: synced
A76: 46175 | B76: OLD28 | C76: {=_xlfn.XLOOKUP(B76, DB[samplingPoint], DB[samplingTag])} -> DV136.18 | D76: PQ3-Week1 | E76: WT-26-0077 | F76: TRUE | G76: {=_xlfn.XLOOKUP($B76, DB[samplingPoint], DB[noLocation])} -> 12-3-037 | H76: Building 12 | I76: {=_xlfn.XLOOKUP($B76, DB[samplingPoint], DB[location])} -> GLASSWARE WASHING 1 | J76: {=_xlfn.XLOOKUP($B76, DB[samplingPoint], DB[waterType])} -> PW | K76: =$A76+1 -> 46176 | L76: 46179 | M76: 0 | N76: 0 | O76: =IFERROR(ROUNDUP(AVERAGE($M76:$N76), 0), "") -> 0 | R76: {=_xlfn.XLOOKUP($B76, DB[samplingPoint], DB[Criteria])} -> 100 | S76: =iferror(ifs($O76>R76, "NOT-PASSED", O76<=R76, "PASSED"), "NA") -> PASSED | T76: FALSE | V76: synced
... A78: 46175 | B78: OLD30 | C78: {=_xlfn.XLOOKUP(B78, DB[samplingPoint], DB[samplingTag])} -> DV136.06 | D78: PQ3-Week1 | E78: WT-26-0077 | F78: TRUE | G78: {=_xlfn.XLOOKUP($B78, DB[samplingPoint], DB[noLocation])} -> 12-3-037 | H78: Building 12 | I78: {=_xlfn.XLOOKUP($B78, DB[samplingPoint], DB[location])} -> GLASSWARE WASHING 1 | J78: {=_xlfn.XLOOKUP($B78, DB[samplingPoint], DB[waterType])} -> PW | K78: =$A78+1 -> 46176 | L78: 46179 | M78: 0 | N78: 0 | O78: =IFERROR(ROUNDUP(AVERAGE($M78:$N78), 0), "") -> 0 | R78: {=_xlfn.XLOOKUP($B78, DB[samplingPoint], DB[Criteria])} -> 100 | S78: =iferror(ifs($O78>R78, "NOT-PASSED", O78<=R78, "PASSED"), "NA") -> PASSED | T78: FALSE | V78: synced
A79: 46178 | B79: GOSD01 | C79: {=_xlfn.XLOOKUP(B79, DB[samplingPoint], DB[samplingTag])} -> VB-05(10) | D79: PQ3-Week1 | E79: WT-26-0078 | F79: TRUE | G79: {=_xlfn.XLOOKUP($B79, DB[samplingPoint], DB[noLocation])} -> WATER SYSTEM (B10) | H79: Building 10 | I79: {=_xlfn.XLOOKUP($B79, DB[samplingPoint], DB[location])} -> After Chlorine circulation tank (B10) | J79: {=_xlfn.XLOOKUP($B79, DB[samplingPoint], DB[waterType])} -> PRW | K79: =$A79+0 -> 46178 | L79: 46181 | M79: 10 | N79: 21 | O79: =IFERROR(ROUNDUP(AVERAGE($M79:$N79), 0), "") -> 16 | R79: {=_xlfn.XLOOKUP($B79, DB[samplingPoint], DB[Criteria])} -> 500 | S79: =iferror(ifs($O79>R79, "NOT-PASSED", O79<=R79, "PASSED"), "NA") -> PASSED | T79: FALSE | V79: synced
A80: 46178 | B80: GOSD03 | C80: {=_xlfn.XLOOKUP(B80, DB[samplingPoint], DB[samplingTag])} -> V50-61(10) | D80: PQ3-Week1 | E80: WT-26-0078 | F80: TRUE | G80: {=_xlfn.XLOOKUP($B80, DB[samplingPoint], DB[noLocation])} -> WATER SYSTEM (B10) | H80: Building 10 | I80: {=_xlfn.XLOOKUP($B80, DB[samplingPoint], DB[location])} -> After Cartridge filter 5 µm (B10) | J80: {=_xlfn.XLOOKUP($B80, DB[samplingPoint], DB[waterType])} -> PRW | K80: =$A80+0 -> 46178 | L80: 46181 | M80: 4 | N80: 5 | O80: =IFERROR(ROUNDUP(AVERAGE($M80:$N80), 0), "") -> 5 | R80: {=_xlfn.XLOOKUP($B80, DB[samplingPoint], DB[Criteria])} -> 500 | S80: =iferror(ifs($O80>R80, "NOT-PASSED", O80<=R80, "PASSED"), "NA") -> PASSED | T80: FALSE | V80: synced
A81: 46178 | B81: GOSD04 | C81: {=_xlfn.XLOOKUP(B81, DB[samplingPoint], DB[samplingTag])} -> V50-11C(10) | D81: PQ3-Week1 | E81: WT-26-0078 | F81: TRUE | G81: {=_xlfn.XLOOKUP($B81, DB[samplingPoint], DB[noLocation])} -> WATER SYSTEM (B10) | H81: Building 10 | I81: {=_xlfn.XLOOKUP($B81, DB[samplingPoint], DB[location])} -> After RO (Before EDI) (B10) | J81: {=_xlfn.XLOOKUP($B81, DB[samplingPoint], DB[waterType])} -> RO water | K81: =$A81+0 -> 46178 | L81: 46181 | M81: 0 | N81: 0 | O81: =IFERROR(ROUNDUP(AVERAGE($M81:$N81), 0), "") -> 0 | R81: {=_xlfn.XLOOKUP($B81, DB[samplingPoint], DB[Criteria])} -> 500 | S81: =iferror(ifs($O81>R81, "NOT-PASSED", O81<=R81, "PASSED"), "NA") -> PASSED | T81: FALSE | V81: synced
A82: 46178 | B82: GOSD05 | C82: {=_xlfn.XLOOKUP(B82, DB[samplingPoint], DB[samplingTag])} -> V50-39(10) | D82: PQ3-Week1 | E82: WT-26-0078 | F82: TRUE | G82: {=_xlfn.XLOOKUP($B82, DB[samplingPoint], DB[noLocation])} -> WATER SYSTEM (B10) | H82: Building 10 | I82: {=_xlfn.XLOOKUP($B82, DB[samplingPoint], DB[location])} -> After EDI (B10) | J82: {=_xlfn.XLOOKUP($B82, DB[samplingPoint], DB[waterType])} -> PW | K82: =$A82+0 -> 46178 | L82: 46181 | M82: 0 | N82: 0 | O82: =IFERROR(ROUNDUP(AVERAGE($M82:$N82), 0), "") -> 0 | R82: {=_xlfn.XLOOKUP($B82, DB[samplingPoint], DB[Criteria])} -> 100 | S82: =iferror(ifs($O82>R82, "NOT-PASSED", O82<=R82, "PASSED"), "NA") -> PASSED | T82: FALSE | V82: synced
A83: 46178 | B83: GOSD08 | C83: {=_xlfn.XLOOKUP(B83, DB[samplingPoint], DB[samplingTag])} -> SV117.01 | D83: PQ3-Week1 | E83: WT-26-0078 | F83: TRUE | G83: {=_xlfn.XLOOKUP($B83, DB[samplingPoint], DB[noLocation])} -> WATER SYSTEM (B10) | H83: Building 10 | I83: {=_xlfn.XLOOKUP($B83, DB[samplingPoint], DB[location])} -> Return loop (B10) | J83: {=_xlfn.XLOOKUP($B83, DB[samplingPoint], DB[waterType])} -> PW | K83: =$A83+0 -> 46178 | L83: 46181 | M83: 0 | N83: 0 | O83: =IFERROR(ROUNDUP(AVERAGE($M83:$N83), 0), "") -> 0 | R83: {=_xlfn.XLOOKUP($B83, DB[samplingPoint], DB[Criteria])} -> 100 | S83: =iferror(ifs($O83>R83, "NOT-PASSED", O83<=R83, "PASSED"), "NA") -> PASSED | T83: FALSE | V83: synced
A84: 46178 | B84: OSD06 | C84: {=_xlfn.XLOOKUP(B84, DB[samplingPoint], DB[samplingTag])} -> DV116.18 | D84: PQ3-Week1 | E84: WT-26-0078 | F84: TRUE | G84: {=_xlfn.XLOOKUP($B84, DB[samplingPoint], DB[noLocation])} -> 10-3-111 | H84: Building 10 | I84: {=_xlfn.XLOOKUP($B84, DB[samplingPoint], DB[location])} -> WET GRANULATION-5 | J84: {=_xlfn.XLOOKUP($B84, DB[samplingPoint], DB[waterType])} -> PW | K84: =$A84+0 -> 46178 | L84: 46181 | M84: 0 | N84: 0 | O84: =IFERROR(ROUNDUP(AVERAGE($M84:$N84), 0), "") -> 0 | R84: {=_xlfn.XLOOKUP($B84, DB[samplingPoint], DB[Criteria])} -> 100 | S84: =iferror(ifs($O84>R84, "NOT-PASSED", O84<=R84, "PASSED"), "NA") -> PASSED | T84: FALSE | V84: synced
A85: 46178 | B85: OSD07 | C85: {=_xlfn.XLOOKUP(B85, DB[samplingPoint], DB[samplingTag])} -> DV116.16 | D85: PQ3-Week1 | E85: WT-26-0078 | F85: TRUE | G85: {=_xlfn.XLOOKUP($B85, DB[samplingPoint], DB[noLocation])} -> 10-3-107 | H85: Building 10 | I85: {=_xlfn.XLOOKUP($B85, DB[samplingPoint], DB[location])} -> WET GRANULATION-2 | J85: {=_xlfn.XLOOKUP($B85, DB[samplingPoint], DB[waterType])} -> PW | K85: =$A85+0 -> 46178 | L85: 46181 | M85: 0 | N85: 0 | O85: =IFERROR(ROUNDUP(AVERAGE($M85:$N85), 0), "") -> 0 | R85: {=_xlfn.XLOOKUP($B85, DB[samplingPoint], DB[Criteria])} -> 100 | S85: =iferror(ifs($O85>R85, "NOT-PASSED", O85<=R85, "PASSED"), "NA") -> PASSED | T85: FALSE | V85: synced
A86: 46178 | B86: OSD08 | C86: {=_xlfn.XLOOKUP(B86, DB[samplingPoint], DB[samplingTag])} -> SV116.11 | D86: PQ3-Week1 | E86: WT-26-0078 | F86: TRUE | G86: {=_xlfn.XLOOKUP($B86, DB[samplingPoint], DB[noLocation])} -> 10-3-107 | H86: Building 10 | I86: {=_xlfn.XLOOKUP($B86, DB[samplingPoint], DB[location])} -> WET GRANULATION-2 | J86: {=_xlfn.XLOOKUP($B86, DB[samplingPoint], DB[waterType])} -> PW | K86: =$A86+0 -> 46178 | L86: 46181 | M86: 0 | N86: 0 | O86: =IFERROR(ROUNDUP(AVERAGE($M86:$N86), 0), "") -> 0 | R86: {=_xlfn.XLOOKUP($B86, DB[samplingPoint], DB[Criteria])} -> 100 | S86: =iferror(ifs($O86>R86, "NOT-PASSED", O86<=R86, "PASSED"), "NA") -> PASSED | T86: FALSE | V86: synced
A87: 46178 | B87: OSD09 | C87: {=_xlfn.XLOOKUP(B87, DB[samplingPoint], DB[samplingTag])} -> DV116.14 | D87: PQ3-Week1 | E87: WT-26-0078 | F87: TRUE | G87: {=_xlfn.XLOOKUP($B87, DB[samplingPoint], DB[noLocation])} -> 10-3-086 | H87: Building 10 | I87: {=_xlfn.XLOOKUP($B87, DB[samplingPoint], DB[location])} -> TOOL WASHING | J87: {=_xlfn.XLOOKUP($B87, DB[samplingPoint], DB[waterType])} -> PW | K87: =$A87+0 -> 46178 | L87: 46181 | M87: 0 | N87: 0 | O87: =IFERROR(ROUNDUP(AVERAGE($M87:$N87), 0), "") -> 0 | R87: {=_xlfn.XLOOKUP($B87, DB[samplingPoint], DB[Criteria])} -> 100 | S87: =iferror(ifs($O87>R87, "NOT-PASSED", O87<=R87, "PASSED"), "NA") -> PASSED | T87: FALSE | V87: synced
A88: 46178 | B88: OSD10 | C88: {=_xlfn.XLOOKUP(B88, DB[samplingPoint], DB[samplingTag])} -> SV116.09 | D88: PQ3-Week1 | E88: WT-26-0078 | F88: TRUE | G88: {=_xlfn.XLOOKUP($B88, DB[samplingPoint], DB[noLocation])} -> 10-3-078 | H88: Building 10 | I88: {=_xlfn.XLOOKUP($B88, DB[samplingPoint], DB[location])} -> WASHING | J88: {=_xlfn.XLOOKUP($B88, DB[samplingPoint], DB[waterType])} -> PW | K88: =$A88+0 -> 46178 | L88: 46181 | M88: 0 | N88: 0 | O88: =IFERROR(ROUNDUP(AVERAGE($M88:$N88), 0), "") -> 0 | R88: {=_xlfn.XLOOKUP($B88, DB[samplingPoint], DB[Criteria])} -> 100 | S88: =iferror(ifs($O88>R88, "NOT-PASSED", O88<=R88, "PASSED"), "NA") -> PASSED | T88: FALSE | V88: synced
A89: 46178 | B89: OSD11 | C89: {=_xlfn.XLOOKUP(B89, DB[samplingPoint], DB[samplingTag])} -> DV116.13 | D89: PQ3-Week1 | E89: WT-26-0078 | F89: TRUE | G89: {=_xlfn.XLOOKUP($B89, DB[samplingPoint], DB[noLocation])} -> 10-3-078 | H89: Building 10 | I89: {=_xlfn.XLOOKUP($B89, DB[samplingPoint], DB[location])} -> WASHING | J89: {=_xlfn.XLOOKUP($B89, DB[samplingPoint], DB[waterType])} -> PW | K89: =$A89+0 -> 46178 | L89: 46181 | M89: 0 | N89: 0 | O89: =IFERROR(ROUNDUP(AVERAGE($M89:$N89), 0), "") -> 0 | R89: {=_xlfn.XLOOKUP($B89, DB[samplingPoint], DB[Criteria])} -> 100 | S89: =iferror(ifs($O89>R89, "NOT-PASSED", O89<=R89, "PASSED"), "NA") -> PASSED | T89: FALSE | V89: synced
A90: 46178 | B90: OSD12 | C90: {=_xlfn.XLOOKUP(B90, DB[samplingPoint], DB[samplingTag])} -> DV116.12 | D90: PQ3-Week1 | E90: WT-26-0078 | F90: TRUE | G90: {=_xlfn.XLOOKUP($B90, DB[samplingPoint], DB[noLocation])} -> 10-3-078 | H90: Building 10 | I90: {=_xlfn.XLOOKUP($B90, DB[samplingPoint], DB[location])} -> WASHING | J90: {=_xlfn.XLOOKUP($B90, DB[samplingPoint], DB[waterType])} -> PW | K90: =$A90+0 -> 46178 | L90: 46181 | M90: 0 | N90: 0 | O90: =IFERROR(ROUNDUP(AVERAGE($M90:$N90), 0), "") -> 0 | R90: {=_xlfn.XLOOKUP($B90, DB[samplingPoint], DB[Criteria])} -> 100 | S90: =iferror(ifs($O90>R90, "NOT-PASSED", O90<=R90, "PASSED"), "NA") -> PASSED | T90: FALSE | V90: synced
... A93: 46178 | B93: BU19-14 | C93: {=_xlfn.XLOOKUP(B93, DB[samplingPoint], DB[samplingTag])} -> SV-14 | D93: PQ3-Week1 | E93: WT-26-0079 | F93: TRUE | G93: {=_xlfn.XLOOKUP($B93, DB[samplingPoint], DB[noLocation])} -> PROCESS WATER (B19) | H93: Building 19 | I93: {=_xlfn.XLOOKUP($B93, DB[samplingPoint], DB[location])} -> AFTER RO SYSTEM NO.12 SV14 | J93: {=_xlfn.XLOOKUP($B93, DB[samplingPoint], DB[waterType])} -> PRW | K93: =$A93+0 -> 46178 | L93: 46181 | M93: 130 | N93: 138 | O93: =IFERROR(ROUNDUP(AVERAGE($M93:$N93), 0), "") -> 134 | R93: {=_xlfn.XLOOKUP($B93, DB[samplingPoint], DB[Criteria])} -> 500 | S93: =iferror(ifs($O93>R93, "NOT-PASSED", O93<=R93, "PASSED"), "NA") -> PASSED | T93: FALSE | V93: synced
A94: 46182 | B94: GOCL05 | C94: {=_xlfn.XLOOKUP(B94, DB[samplingPoint], DB[samplingTag])} -> SV123.01 | D94: PQ3-Week2 | E94: WT-26-0081 | F94: TRUE | G94: {=_xlfn.XLOOKUP($B94, DB[samplingPoint], DB[noLocation])} -> WATER SYSTEM (B16) | H94: Building 16 | I94: {=_xlfn.XLOOKUP($B94, DB[samplingPoint], DB[location])} -> After Storage tank (B16) | J94: {=_xlfn.XLOOKUP($B94, DB[samplingPoint], DB[waterType])} -> PW | K94: =$A94+1 -> 46183 | L94: 46186 | M94: 0 | N94: 0 | O94: =IFERROR(ROUNDUP(AVERAGE($M94:$N94), 0), "") -> 0 | R94: {=_xlfn.XLOOKUP($B94, DB[samplingPoint], DB[Criteria])} -> 100 | S94: =iferror(ifs($O94>R94, "NOT-PASSED", O94<=R94, "PASSED"), "NA") -> PASSED | T94: FALSE | V94: synced
A95: 46182 | B95: GOCL07 | C95: {=_xlfn.XLOOKUP(B95, DB[samplingPoint], DB[samplingTag])} -> SV125.02 | D95: PQ3-Week2 | E95: WT-26-0081 | F95: TRUE | G95: {=_xlfn.XLOOKUP($B95, DB[samplingPoint], DB[noLocation])} -> WATER SYSTEM (B16) | H95: Building 16 | I95: {=_xlfn.XLOOKUP($B95, DB[samplingPoint], DB[location])} -> After UV (B16) | J95: {=_xlfn.XLOOKUP($B95, DB[samplingPoint], DB[waterType])} -> PW | K95: =$A95+1 -> 46183 | L95: 46186 | M95: 1 | N95: 0 | O95: =IFERROR(ROUNDUP(AVERAGE($M95:$N95), 0), "") -> 1 | R95: {=_xlfn.XLOOKUP($B95, DB[samplingPoint], DB[Criteria])} -> 100 | S95: =iferror(ifs($O95>R95, "NOT-PASSED", O95<=R95, "PASSED"), "NA") -> PASSED | T95: FALSE | V95: synced
A96: 46182 | B96: GOCL08 | C96: {=_xlfn.XLOOKUP(B96, DB[samplingPoint], DB[samplingTag])} -> SV127.01 | D96: PQ3-Week2 | E96: WT-26-0081 | F96: TRUE | G96: {=_xlfn.XLOOKUP($B96, DB[samplingPoint], DB[noLocation])} -> WATER SYSTEM (B16) | H96: Building 16 | I96: {=_xlfn.XLOOKUP($B96, DB[samplingPoint], DB[location])} -> Return loop (B16) | J96: {=_xlfn.XLOOKUP($B96, DB[samplingPoint], DB[waterType])} -> PW | K96: =$A96+1 -> 46183 | L96: 46186 | M96: 0 | N96: 0 | O96: =IFERROR(ROUNDUP(AVERAGE($M96:$N96), 0), "") -> 0 | R96: {=_xlfn.XLOOKUP($B96, DB[samplingPoint], DB[Criteria])} -> 100 | S96: =iferror(ifs($O96>R96, "NOT-PASSED", O96<=R96, "PASSED"), "NA") -> PASSED | T96: FALSE | V96: synced
A97: 46182 | B97: OCL09 | C97: {=_xlfn.XLOOKUP(B97, DB[samplingPoint], DB[samplingTag])} -> DV126.10 | D97: PQ3-Week2 | E97: WT-26-0081 | F97: TRUE | G97: {=_xlfn.XLOOKUP($B97, DB[samplingPoint], DB[noLocation])} -> 16-3-069 | H97: Building 16 | I97: {=_xlfn.XLOOKUP($B97, DB[samplingPoint], DB[location])} -> MFG 2 | J97: {=_xlfn.XLOOKUP($B97, DB[samplingPoint], DB[waterType])} -> PW | K97: =$A97+1 -> 46183 | L97: 46186 | M97: 9 | N97: 1 | O97: =IFERROR(ROUNDUP(AVERAGE($M97:$N97), 0), "") -> 5 | R97: {=_xlfn.XLOOKUP($B97, DB[samplingPoint], DB[Criteria])} -> 100 | S97: =iferror(ifs($O97>R97, "NOT-PASSED", O97<=R97, "PASSED"), "NA") -> PASSED | T97: FALSE | V97: synced
A98: 46182 | B98: OCL10 | C98: {=_xlfn.XLOOKUP(B98, DB[samplingPoint], DB[samplingTag])} -> DV126.06 | D98: PQ3-Week2 | E98: WT-26-0081 | F98: TRUE | G98: {=_xlfn.XLOOKUP($B98, DB[samplingPoint], DB[noLocation])} -> 16-3-069 | H98: Building 16 | I98: {=_xlfn.XLOOKUP($B98, DB[samplingPoint], DB[location])} -> MFG 2 | J98: {=_xlfn.XLOOKUP($B98, DB[samplingPoint], DB[waterType])} -> PW | K98: =$A98+1 -> 46183 | L98: 46186 | M98: 23 | N98: 22 | O98: =IFERROR(ROUNDUP(AVERAGE($M98:$N98), 0), "") -> 23 | P98: COMMU: PW-M-2-26-003 | R98: {=_xlfn.XLOOKUP($B98, DB[samplingPoint], DB[Criteria])} -> 100 | S98: =iferror(ifs($O98>R98, "NOT-PASSED", O98<=R98, "PASSED"), "NA") -> PASSED | T98: FALSE | V98: synced
A99: 46182 | B99: OCL11 | C99: {=_xlfn.XLOOKUP(B99, DB[samplingPoint], DB[samplingTag])} -> SV126.10 | D99: PQ3-Week2 | E99: WT-26-0081 | F99: TRUE | G99: {=_xlfn.XLOOKUP($B99, DB[samplingPoint], DB[noLocation])} -> 16-3-071 | H99: Building 16 | I99: {=_xlfn.XLOOKUP($B99, DB[samplingPoint], DB[location])} -> MFG 3 (1200L) | J99: {=_xlfn.XLOOKUP($B99, DB[samplingPoint], DB[waterType])} -> PW | K99: =$A99+1 -> 46183 | L99: 46186 | M99: 0 | N99: 0 | O99: =IFERROR(ROUNDUP(AVERAGE($M99:$N99), 0), "") -> 0 | R99: {=_xlfn.XLOOKUP($B99, DB[samplingPoint], DB[Criteria])} -> 100 | S99: =iferror(ifs($O99>R99, "NOT-PASSED", O99<=R99, "PASSED"), "NA") -> PASSED | T99: FALSE | V99: synced
A100: 46182 | B100: OCL12 | C100: {=_xlfn.XLOOKUP(B100, DB[samplingPoint], DB[samplingTag])} -> SV126.09 | D100: PQ3-Week2 | E100: WT-26-0081 | F100: TRUE | G100: {=_xlfn.XLOOKUP($B100, DB[samplingPoint], DB[noLocation])} -> 16-3-071 | H100: Building 16 | I100: {=_xlfn.XLOOKUP($B100, DB[samplingPoint], DB[location])} -> MFG 3 (5000L) | J100: {=_xlfn.XLOOKUP($B100, DB[samplingPoint], DB[waterType])} -> PW | K100: =$A100+1 -> 46183 | L100: 46186 | M100: 1 | N100: 0 | O100: =IFERROR(ROUNDUP(AVERAGE($M100:$N100), 0), "") -> 1 | R100: {=_xlfn.XLOOKUP($B100, DB[samplingPoint], DB[Criteria])} -> 100 | S100: =iferror(ifs($O100>R100, "NOT-PASSED", O100<=R100, "PASSED"), "NA") -> PASSED | T100: FALSE | V100: synced
A101: 46182 | B101: OCL19 | C101: {=_xlfn.XLOOKUP(B101, DB[samplingPoint], DB[samplingTag])} -> DV126.07 | D101: PQ3-Week2 | E101: WT-26-0081 | F101: TRUE | G101: {=_xlfn.XLOOKUP($B101, DB[samplingPoint], DB[noLocation])} -> 16-3-077 | H101: Building 16 | I101: {=_xlfn.XLOOKUP($B101, DB[samplingPoint], DB[location])} -> MFG 6 | J101: {=_xlfn.XLOOKUP($B101, DB[samplingPoint], DB[waterType])} -> PW | K101: =$A101+1 -> 46183 | L101: 46186 | M101: 0 | N101: 0 | O101: =IFERROR(ROUNDUP(AVERAGE($M101:$N101), 0), "") -> 0 | R101: {=_xlfn.XLOOKUP($B101, DB[samplingPoint], DB[Criteria])} -> 100 | S101: =iferror(ifs($O101>R101, "NOT-PASSED", O101<=R101, "PASSED"), "NA") -> PASSED | T101: FALSE | V101: synced
A102: 46182 | B102: OCL18 | C102: {=_xlfn.XLOOKUP(B102, DB[samplingPoint], DB[samplingTag])} -> DV126.08 | D102: PQ3-Week2 | E102: WT-26-0081 | F102: TRUE | G102: {=_xlfn.XLOOKUP($B102, DB[samplingPoint], DB[noLocation])} -> 16-3-077 | H102: Building 16 | I102: {=_xlfn.XLOOKUP($B102, DB[samplingPoint], DB[location])} -> MFG 6 | J102: {=_xlfn.XLOOKUP($B102, DB[samplingPoint], DB[waterType])} -> PW | K102: =$A102+1 -> 46183 | L102: 46186 | M102: 0 | N102: 0 | O102: =IFERROR(ROUNDUP(AVERAGE($M102:$N102), 0), "") -> 0 | R102: {=_xlfn.XLOOKUP($B102, DB[samplingPoint], DB[Criteria])} -> 100 | S102: =iferror(ifs($O102>R102, "NOT-PASSED", O102<=R102, "PASSED"), "NA") -> PASSED | T102: FALSE | V102: synced
A103: 46182 | B103: GOLD05 | C103: {=_xlfn.XLOOKUP(B103, DB[samplingPoint], DB[samplingTag])} -> SV133.01 | D103: PQ3-Week2 | E103: WT-26-0082 | F103: TRUE | G103: {=_xlfn.XLOOKUP($B103, DB[samplingPoint], DB[noLocation])} -> WATER SYSTEM (B12) | H103: Building 12 | I103: {=_xlfn.XLOOKUP($B103, DB[samplingPoint], DB[location])} -> After Storage tank (B12) | J103: {=_xlfn.XLOOKUP($B103, DB[samplingPoint], DB[waterType])} -> PW | K103: =$A103+1 -> 46183 | L103: 46186 | M103: 0 | N103: 0 | O103: =IFERROR(ROUNDUP(AVERAGE($M103:$N103), 0), "") -> 0 | R103: {=_xlfn.XLOOKUP($B103, DB[samplingPoint], DB[Criteria])} -> 100 | S103: =iferror(ifs($O103>R103, "NOT-PASSED", O103<=R103, "PASSED"), "NA") -> PASSED | T103: FALSE | V103: synced
A104: 46182 | B104: GOLD06 | C104: {=_xlfn.XLOOKUP(B104, DB[samplingPoint], DB[samplingTag])} -> SV135.02 | D104: PQ3-Week2 | E104: WT-26-0082 | F104: TRUE | G104: {=_xlfn.XLOOKUP($B104, DB[samplingPoint], DB[noLocation])} -> WATER SYSTEM (B12) | H104: Building 12 | I104: {=_xlfn.XLOOKUP($B104, DB[samplingPoint], DB[location])} -> After UV (B12) | J104: {=_xlfn.XLOOKUP($B104, DB[samplingPoint], DB[waterType])} -> PW | K104: =$A104+1 -> 46183 | L104: 46186 | M104: 0 | N104: 0 | O104: =IFERROR(ROUNDUP(AVERAGE($M104:$N104), 0), "") -> 0 | R104: {=_xlfn.XLOOKUP($B104, DB[samplingPoint], DB[Criteria])} -> 100 | S104: =iferror(ifs($O104>R104, "NOT-PASSED", O104<=R104, "PASSED"), "NA") -> PASSED | T104: FALSE | V104: synced
A105: 46182 | B105: GOLD07 | C105: {=_xlfn.XLOOKUP(B105, DB[samplingPoint], DB[samplingTag])} -> SV137.01 | D105: PQ3-Week2 | E105: WT-26-0082 | F105: TRUE | G105: {=_xlfn.XLOOKUP($B105, DB[samplingPoint], DB[noLocation])} -> WATER SYSTEM (B12) | H105: Building 12 | I105: {=_xlfn.XLOOKUP($B105, DB[samplingPoint], DB[location])} -> Return loop (B12) | J105: {=_xlfn.XLOOKUP($B105, DB[samplingPoint], DB[waterType])} -> PW | K105: =$A105+1 -> 46183 | L105: 46186 | M105: 0 | N105: 0 | O105: =IFERROR(ROUNDUP(AVERAGE($M105:$N105), 0), "") -> 0 | R105: {=_xlfn.XLOOKUP($B105, DB[samplingPoint], DB[Criteria])} -> 100 | S105: =iferror(ifs($O105>R105, "NOT-PASSED", O105<=R105, "PASSED"), "NA") -> PASSED | T105: FALSE | V105: synced
A106: 46182 | B106: OLD03 | C106: {=_xlfn.XLOOKUP(B106, DB[samplingPoint], DB[samplingTag])} -> SV136.12 | D106: PQ3-Week2 | E106: WT-26-0082 | F106: TRUE | G106: {=_xlfn.XLOOKUP($B106, DB[samplingPoint], DB[noLocation])} -> 12-2-036 | H106: Building 12 | I106: {=_xlfn.XLOOKUP($B106, DB[samplingPoint], DB[location])} -> CIP 1 | J106: {=_xlfn.XLOOKUP($B106, DB[samplingPoint], DB[waterType])} -> PW | K106: =$A106+1 -> 46183 | L106: 46186 | M106: 0 | N106: 0 | O106: =IFERROR(ROUNDUP(AVERAGE($M106:$N106), 0), "") -> 0 | R106: {=_xlfn.XLOOKUP($B106, DB[samplingPoint], DB[Criteria])} -> 100 | S106: =iferror(ifs($O106>R106, "NOT-PASSED", O106<=R106, "PASSED"), "NA") -> PASSED | T106: FALSE | V106: synced
A107: 46182 | B107: OLD04 | C107: {=_xlfn.XLOOKUP(B107, DB[samplingPoint], DB[samplingTag])} -> SV136.07 | D107: PQ3-Week2 | E107: WT-26-0082 | F107: TRUE | G107: {=_xlfn.XLOOKUP($B107, DB[samplingPoint], DB[noLocation])} -> 12-2-034 | H107: Building 12 | I107: {=_xlfn.XLOOKUP($B107, DB[samplingPoint], DB[location])} -> SYRUP PREPARATION | J107: {=_xlfn.XLOOKUP($B107, DB[samplingPoint], DB[waterType])} -> PW | K107: =$A107+1 -> 46183 | L107: 46186 | M107: 0 | N107: 0 | O107: =IFERROR(ROUNDUP(AVERAGE($M107:$N107), 0), "") -> 0 | R107: {=_xlfn.XLOOKUP($B107, DB[samplingPoint], DB[Criteria])} -> 100 | S107: =iferror(ifs($O107>R107, "NOT-PASSED", O107<=R107, "PASSED"), "NA") -> PASSED | T107: FALSE | V107: synced
A108: 46182 | B108: OLD05 | C108: {=_xlfn.XLOOKUP(B108, DB[samplingPoint], DB[samplingTag])} -> SV136.06 | D108: PQ3-Week2 | E108: WT-26-0082 | F108: TRUE | G108: {=_xlfn.XLOOKUP($B108, DB[samplingPoint], DB[noLocation])} -> 12-2-034 | H108: Building 12 | I108: {=_xlfn.XLOOKUP($B108, DB[samplingPoint], DB[location])} -> SYRUP PREPARATION | J108: {=_xlfn.XLOOKUP($B108, DB[samplingPoint], DB[waterType])} -> PW | K108: =$A108+1 -> 46183 | L108: 46186 | M108: 0 | N108: 0 | O108: =IFERROR(ROUNDUP(AVERAGE($M108:$N108), 0), "") -> 0 | R108: {=_xlfn.XLOOKUP($B108, DB[samplingPoint], DB[Criteria])} -> 100 | S108: =iferror(ifs($O108>R108, "NOT-PASSED", O108<=R108, "PASSED"), "NA") -> PASSED | T108: FALSE | V108: synced
A109: 46182 | B109: OLD12 | C109: {=_xlfn.XLOOKUP(B109, DB[samplingPoint], DB[samplingTag])} -> SV136.03 | D109: PQ3-Week2 | E109: WT-26-0082 | F109: TRUE | G109: {=_xlfn.XLOOKUP($B109, DB[samplingPoint], DB[noLocation])} -> 12-2-032 | H109: Building 12 | I109: {=_xlfn.XLOOKUP($B109, DB[samplingPoint], DB[location])} -> CAMPHORATED OPIUM TINCTURE | J109: {=_xlfn.XLOOKUP($B109, DB[samplingPoint], DB[waterType])} -> PW | K109: =$A109+1 -> 46183 | L109: 46186 | M109: 0 | N109: 0 | O109: =IFERROR(ROUNDUP(AVERAGE($M109:$N109), 0), "") -> 0 | R109: {=_xlfn.XLOOKUP($B109, DB[samplingPoint], DB[Criteria])} -> 100 | S109: =iferror(ifs($O109>R109, "NOT-PASSED", O109<=R109, "PASSED"), "NA") -> PASSED | T109: FALSE | V109: synced
A110: 46182 | B110: OLD13 | C110: {=_xlfn.XLOOKUP(B110, DB[samplingPoint], DB[samplingTag])} -> SV136.05 | D110: PQ3-Week2 | E110: WT-26-0082 | F110: TRUE | G110: {=_xlfn.XLOOKUP($B110, DB[samplingPoint], DB[noLocation])} -> 12-2-032 | H110: Building 12 | I110: {=_xlfn.XLOOKUP($B110, DB[samplingPoint], DB[location])} -> CAMPHORATED OPIUM TINCTURE | J110: {=_xlfn.XLOOKUP($B110, DB[samplingPoint], DB[waterType])} -> PW | K110: =$A110+1 -> 46183 | L110: 46186 | M110: 0 | N110: 0 | O110: =IFERROR(ROUNDUP(AVERAGE($M110:$N110), 0), "") -> 0 | R110: {=_xlfn.XLOOKUP($B110, DB[samplingPoint], DB[Criteria])} -> 100 | S110: =iferror(ifs($O110>R110, "NOT-PASSED", O110<=R110, "PASSED"), "NA") -> PASSED | T110: FALSE | V110: synced
...

Sheet wfi-pus
A1: samplingDate | B1: samplingPoint | C1: samplingTag | D1: recordStatus | E1: worksheet No. | F1: worksheetCreate | G1: noLocation | H1: building | I1: location | J1: waterType | K1: performedDate | L1: determinedDate | M1: result1 | N1: resultAvg | O1: qualityEvent | P1: comment | Q1: criteria | R1: statusResult | S1: Exclude | T1: status | U1: syncStatus
A2: 46170 | B2: WFI06 | C2: {=_xlfn.XLOOKUP(B2, DB[samplingPoint], DB[samplingTag])} -> SV216.05 | D2: PQ3-Day4 | E2: WP-26-0080 | F2: TRUE | G2: {=_xlfn.XLOOKUP($B2, DB[samplingPoint], DB[noLocation])} -> 16-1-110 | H2: Building 16 | I2: {=_xlfn.XLOOKUP($B2, DB[samplingPoint], DB[location])} -> DISINFECTANT PREPARATION | J2: {=_xlfn.XLOOKUP($B2, DB[samplingPoint], DB[waterType])} -> WFI | K2: =$A2+2 -> 46172 | L2: 46175 | M2: 0 | N2: =iferror(ROUNDUP(AVERAGE($M2), 0),"") -> 0 | R2: =iferror(ifs($N2>Q2, "NOT-PASSED", N2<=Q2, "PASSED"), "NA") -> PASSED | S2: FALSE | U2: synced
A3: 46170 | B3: WFI09 | C3: {=_xlfn.XLOOKUP(B3, DB[samplingPoint], DB[samplingTag])} -> SV216.10 | D3: PQ3-Day4 | E3: WP-26-0080 | F3: TRUE | G3: {=_xlfn.XLOOKUP($B3, DB[samplingPoint], DB[noLocation])} -> 16-1-105 | H3: Building 16 | I3: {=_xlfn.XLOOKUP($B3, DB[samplingPoint], DB[location])} -> WASHING/TUNNEL-01 | J3: {=_xlfn.XLOOKUP($B3, DB[samplingPoint], DB[waterType])} -> WFI | K3: =$A3+2 -> 46172 | L3: 46175 | M3: 0 | N3: =iferror(ROUNDUP(AVERAGE($M3), 0),"") -> 0 | R3: =iferror(ifs($N3>Q3, "NOT-PASSED", N3<=Q3, "PASSED"), "NA") -> PASSED | S3: FALSE | U3: synced
A4: 46171 | B4: WFI10 | C4: {=_xlfn.XLOOKUP(B4, DB[samplingPoint], DB[samplingTag])} -> POU HE216.04 | D4: PQ3-Day5 | E4: WP-26-0081 | F4: TRUE | G4: {=_xlfn.XLOOKUP($B4, DB[samplingPoint], DB[noLocation])} -> 16-1-114 | H4: Building 16 | I4: {=_xlfn.XLOOKUP($B4, DB[samplingPoint], DB[location])} -> COMPOUNDING-02 | J4: {=_xlfn.XLOOKUP($B4, DB[samplingPoint], DB[waterType])} -> WFI | K4: =$A4+1 -> 46172 | L4: 46175 | M4: 0 | N4: =iferror(ROUNDUP(AVERAGE($M4), 0),"") -> 0 | R4: =iferror(ifs($N4>Q4, "NOT-PASSED", N4<=Q4, "PASSED"), "NA") -> PASSED | S4: FALSE | U4: synced
A5: 46171 | B5: WFI11 | C5: {=_xlfn.XLOOKUP(B5, DB[samplingPoint], DB[samplingTag])} -> POU HE216.05 | D5: PQ3-Day5 | E5: WP-26-0081 | F5: TRUE | G5: {=_xlfn.XLOOKUP($B5, DB[samplingPoint], DB[noLocation])} -> 16-1-114 | H5: Building 16 | I5: {=_xlfn.XLOOKUP($B5, DB[samplingPoint], DB[location])} -> COMPOUNDING-02 | J5: {=_xlfn.XLOOKUP($B5, DB[samplingPoint], DB[waterType])} -> WFI | K5: =$A5+1 -> 46172 | L5: 46175 | M5: 0 | N5: =iferror(ROUNDUP(AVERAGE($M5), 0),"") -> 0 | R5: =iferror(ifs($N5>Q5, "NOT-PASSED", N5<=Q5, "PASSED"), "NA") -> PASSED | S5: FALSE | U5: synced
A6: 46175 | B6: GWFI01 | C6: {=_xlfn.XLOOKUP(B6, DB[samplingPoint], DB[samplingTag])} -> V12-4 | D6: PQ3-Day1 | E6: WP-26-0082 | F6: TRUE | G6: {=_xlfn.XLOOKUP($B6, DB[samplingPoint], DB[noLocation])} -> 16-2-010 | H6: Building 16 | I6: {=_xlfn.XLOOKUP($B6, DB[samplingPoint], DB[location])} -> AFTER WFI GENERATOR | J6: {=_xlfn.XLOOKUP($B6, DB[samplingPoint], DB[waterType])} -> WFI | K6: =$A6+1 -> 46176 | L6: 46179 | M6: 0 | N6: =iferror(ROUNDUP(AVERAGE($M6), 0),"") -> 0 | R6: =iferror(ifs($N6>Q6, "NOT-PASSED", N6<=Q6, "PASSED"), "NA") -> PASSED | S6: FALSE | U6: synced
A7: 46175 | B7: GWFI02 | C7: {=_xlfn.XLOOKUP(B7, DB[samplingPoint], DB[samplingTag])} -> SV213.01 | D7: PQ3-Day1 | E7: WP-26-0082 | F7: TRUE | G7: {=_xlfn.XLOOKUP($B7, DB[samplingPoint], DB[noLocation])} -> 16-2-010 | H7: Building 16 | I7: {=_xlfn.XLOOKUP($B7, DB[samplingPoint], DB[location])} -> AFTER STORAGE TANK | J7: {=_xlfn.XLOOKUP($B7, DB[samplingPoint], DB[waterType])} -> WFI | K7: =$A7+1 -> 46176 | L7: 46179 | M7: 0 | N7: =iferror(ROUNDUP(AVERAGE($M7), 0),"") -> 0 | R7: =iferror(ifs($N7>Q7, "NOT-PASSED", N7<=Q7, "PASSED"), "NA") -> PASSED | S7: FALSE | U7: synced
A8: 46175 | B8: GWFI03 | C8: {=_xlfn.XLOOKUP(B8, DB[samplingPoint], DB[samplingTag])} -> SV217.01 | D8: PQ3-Day1 | E8: WP-26-0082 | F8: TRUE | G8: {=_xlfn.XLOOKUP($B8, DB[samplingPoint], DB[noLocation])} -> 16-2-010 | H8: Building 16 | I8: {=_xlfn.XLOOKUP($B8, DB[samplingPoint], DB[location])} -> RETURN LOOP | J8: {=_xlfn.XLOOKUP($B8, DB[samplingPoint], DB[waterType])} -> WFI | K8: =$A8+1 -> 46176 | L8: 46179 | M8: 0 | N8: =iferror(ROUNDUP(AVERAGE($M8), 0),"") -> 0 | R8: =iferror(ifs($N8>Q8, "NOT-PASSED", N8<=Q8, "PASSED"), "NA") -> PASSED | S8: FALSE | U8: synced
A9: 46175 | B9: WFI03 | C9: {=_xlfn.XLOOKUP(B9, DB[samplingPoint], DB[samplingTag])} -> SV216.03 | D9: PQ3-Day1 | E9: WP-26-0082 | F9: TRUE | G9: {=_xlfn.XLOOKUP($B9, DB[samplingPoint], DB[noLocation])} -> 16-1-096 | H9: Building 16 | I9: {=_xlfn.XLOOKUP($B9, DB[samplingPoint], DB[location])} -> WASHING/TUNNEL-02 | J9: {=_xlfn.XLOOKUP($B9, DB[samplingPoint], DB[waterType])} -> WFI | K9: =$A9+1 -> 46176 | L9: 46179 | M9: 0 | N9: =iferror(ROUNDUP(AVERAGE($M9), 0),"") -> 0 | R9: =iferror(ifs($N9>Q9, "NOT-PASSED", N9<=Q9, "PASSED"), "NA") -> PASSED | S9: FALSE | U9: synced
A10: 46175 | B10: WFI04 | C10: {=_xlfn.XLOOKUP(B10, DB[samplingPoint], DB[samplingTag])} -> POU HE216.03 | D10: PQ3-Day1 | E10: WP-26-0082 | F10: TRUE | G10: {=_xlfn.XLOOKUP($B10, DB[samplingPoint], DB[noLocation])} -> 16-1-082 | H10: Building 16 | I10: {=_xlfn.XLOOKUP($B10, DB[samplingPoint], DB[location])} -> WASHING | J10: {=_xlfn.XLOOKUP($B10, DB[samplingPoint], DB[waterType])} -> WFI | K10: =$A10+1 -> 46176 | L10: 46179 | M10: 0 | N10: =iferror(ROUNDUP(AVERAGE($M10), 0),"") -> 0 | R10: =iferror(ifs($N10>Q10, "NOT-PASSED", N10<=Q10, "PASSED"), "NA") -> PASSED | S10: FALSE | U10: synced
A11: 46175 | B11: WFI05 | C11: {=_xlfn.XLOOKUP(B11, DB[samplingPoint], DB[samplingTag])} -> SV216.06 | D11: PQ3-Day1 | E11: WP-26-0082 | F11: TRUE | G11: {=_xlfn.XLOOKUP($B11, DB[samplingPoint], DB[noLocation])} -> 16-1-082 | H11: Building 16 | I11: {=_xlfn.XLOOKUP($B11, DB[samplingPoint], DB[location])} -> WASHING | J11: {=_xlfn.XLOOKUP($B11, DB[samplingPoint], DB[waterType])} -> WFI | K11: =$A11+1 -> 46176 | L11: 46179 | M11: 0 | N11: =iferror(ROUNDUP(AVERAGE($M11), 0),"") -> 0 | R11: =iferror(ifs($N11>Q11, "NOT-PASSED", N11<=Q11, "PASSED"), "NA") -> PASSED | S11: FALSE | U11: synced
A12: 46177 | B12: WFI01 | C12: {=_xlfn.XLOOKUP(B12, DB[samplingPoint], DB[samplingTag])} -> POU HE216.01 | D12: PQ3-Day2 | E12: WP-26-0083 | F12: TRUE | G12: {=_xlfn.XLOOKUP($B12, DB[samplingPoint], DB[noLocation])} -> 16-1-107 | H12: Building 16 | I12: {=_xlfn.XLOOKUP($B12, DB[samplingPoint], DB[location])} -> COMPOUNDING-01 | J12: {=_xlfn.XLOOKUP($B12, DB[samplingPoint], DB[waterType])} -> WFI | K12: =$A12+1 -> 46178 | L12: 46181 | M12: 0 | N12: =iferror(ROUNDUP(AVERAGE($M12), 0),"") -> 0 | R12: =iferror(ifs($N12>Q12, "NOT-PASSED", N12<=Q12, "PASSED"), "NA") -> PASSED | S12: FALSE | U12: synced
A13: 46177 | B13: WFI02 | C13: {=_xlfn.XLOOKUP(B13, DB[samplingPoint], DB[samplingTag])} -> POU HE216.02 | D13: PQ3-Day2 | E13: WP-26-0083 | F13: TRUE | G13: {=_xlfn.XLOOKUP($B13, DB[samplingPoint], DB[noLocation])} -> 16-1-107 | H13: Building 16 | I13: {=_xlfn.XLOOKUP($B13, DB[samplingPoint], DB[location])} -> COMPOUNDING-01 | J13: {=_xlfn.XLOOKUP($B13, DB[samplingPoint], DB[waterType])} -> WFI | K13: =$A13+1 -> 46178 | L13: 46181 | M13: 0 | N13: =iferror(ROUNDUP(AVERAGE($M13), 0),"") -> 0 | R13: =iferror(ifs($N13>Q13, "NOT-PASSED", N13<=Q13, "PASSED"), "NA") -> PASSED | S13: FALSE | U13: synced
A14: 46177 | B14: WFI09 | C14: {=_xlfn.XLOOKUP(B14, DB[samplingPoint], DB[samplingTag])} -> SV216.10 | D14: PQ3-Day2 | E14: WP-26-0083 | F14: TRUE | G14: {=_xlfn.XLOOKUP($B14, DB[samplingPoint], DB[noLocation])} -> 16-1-105 | H14: Building 16 | I14: {=_xlfn.XLOOKUP($B14, DB[samplingPoint], DB[location])} -> WASHING/TUNNEL-01 | J14: {=_xlfn.XLOOKUP($B14, DB[samplingPoint], DB[waterType])} -> WFI | K14: =$A14+1 -> 46178 | L14: 46181 | M14: 0 | N14: =iferror(ROUNDUP(AVERAGE($M14), 0),"") -> 0 | R14: =iferror(ifs($N14>Q14, "NOT-PASSED", N14<=Q14, "PASSED"), "NA") -> PASSED | S14: FALSE | U14: synced
A15: 46178 | B15: WFI06 | C15: {=_xlfn.XLOOKUP(B15, DB[samplingPoint], DB[samplingTag])} -> SV216.05 | D15: PQ3-Day3 | E15: WP-26-0084 | F15: TRUE | G15: {=_xlfn.XLOOKUP($B15, DB[samplingPoint], DB[noLocation])} -> 16-1-110 | H15: Building 16 | I15: {=_xlfn.XLOOKUP($B15, DB[samplingPoint], DB[location])} -> DISINFECTANT PREPARATION | J15: {=_xlfn.XLOOKUP($B15, DB[samplingPoint], DB[waterType])} -> WFI | K15: =$A15+0 -> 46178 | L15: 46181 | M15: 0 | N15: =iferror(ROUNDUP(AVERAGE($M15), 0),"") -> 0 | R15: =iferror(ifs($N15>Q15, "NOT-PASSED", N15<=Q15, "PASSED"), "NA") -> PASSED | S15: FALSE | U15: synced
A16: 46178 | B16: WFI07 | C16: {=_xlfn.XLOOKUP(B16, DB[samplingPoint], DB[samplingTag])} -> SV216.02 | D16: PQ3-Day3 | E16: WP-26-0084 | F16: TRUE | G16: {=_xlfn.XLOOKUP($B16, DB[samplingPoint], DB[noLocation])} -> 16-1-098 | H16: Building 16 | I16: {=_xlfn.XLOOKUP($B16, DB[samplingPoint], DB[location])} -> CIP/SIP | J16: {=_xlfn.XLOOKUP($B16, DB[samplingPoint], DB[waterType])} -> WFI | K16: =$A16+0 -> 46178 | L16: 46181 | M16: 0 | N16: 0 | R16: =iferror(ifs($N16>Q16, "NOT-PASSED", N16<=Q16, "PASSED"), "NA") -> PASSED | S16: FALSE | U16: synced
A17: 46178 | B17: WFI08 | C17: {=_xlfn.XLOOKUP(B17, DB[samplingPoint], DB[samplingTag])} -> SV216.04 | D17: PQ3-Day3 | E17: WP-26-0084 | F17: TRUE | G17: {=_xlfn.XLOOKUP($B17, DB[samplingPoint], DB[noLocation])} -> 16-1-098 | H17: Building 16 | I17: {=_xlfn.XLOOKUP($B17, DB[samplingPoint], DB[location])} -> CIP/SIP | J17: {=_xlfn.XLOOKUP($B17, DB[samplingPoint], DB[waterType])} -> WFI | K17: =$A17+0 -> 46178 | L17: 46181 | M17: 0 | N17: =iferror(ROUNDUP(AVERAGE($M17), 0),"") -> 0 | R17: =iferror(ifs($N17>Q17, "NOT-PASSED", N17<=Q17, "PASSED"), "NA") -> PASSED | S17: FALSE | U17: synced
A18: 46178 | B18: WFI10 | C18: {=_xlfn.XLOOKUP(B18, DB[samplingPoint], DB[samplingTag])} -> POU HE216.04 | D18: PQ3-Day3 | E18: WP-26-0084 | F18: TRUE | G18: {=_xlfn.XLOOKUP($B18, DB[samplingPoint], DB[noLocation])} -> 16-1-114 | H18: Building 16 | I18: {=_xlfn.XLOOKUP($B18, DB[samplingPoint], DB[location])} -> COMPOUNDING-02 | J18: {=_xlfn.XLOOKUP($B18, DB[samplingPoint], DB[waterType])} -> WFI | K18: =$A18+0 -> 46178 | L18: 46181 | M18: 0 | N18: =iferror(ROUNDUP(AVERAGE($M18), 0),"") -> 0 | R18: =iferror(ifs($N18>Q18, "NOT-PASSED", N18<=Q18, "PASSED"), "NA") -> PASSED | S18: FALSE | U18: synced
A19: 46178 | B19: WFI11 | C19: {=_xlfn.XLOOKUP(B19, DB[samplingPoint], DB[samplingTag])} -> POU HE216.05 | D19: PQ3-Day3 | E19: WP-26-0084 | F19: TRUE | G19: {=_xlfn.XLOOKUP($B19, DB[samplingPoint], DB[noLocation])} -> 16-1-114 | H19: Building 16 | I19: {=_xlfn.XLOOKUP($B19, DB[samplingPoint], DB[location])} -> COMPOUNDING-02 | J19: {=_xlfn.XLOOKUP($B19, DB[samplingPoint], DB[waterType])} -> WFI | K19: =$A19+0 -> 46178 | L19: 46181 | M19: 0 | N19: =iferror(ROUNDUP(AVERAGE($M19), 0),"") -> 0 | R19: =iferror(ifs($N19>Q19, "NOT-PASSED", N19<=Q19, "PASSED"), "NA") -> PASSED | S19: FALSE | U19: synced
A20: 46181 | B20: GWFI01 | C20: {=_xlfn.XLOOKUP(B20, DB[samplingPoint], DB[samplingTag])} -> V12-4 | D20: PQ3-Day1 | E20: WP-26-0085 | F20: TRUE | G20: {=_xlfn.XLOOKUP($B20, DB[samplingPoint], DB[noLocation])} -> 16-2-010 | H20: Building 16 | I20: {=_xlfn.XLOOKUP($B20, DB[samplingPoint], DB[location])} -> AFTER WFI GENERATOR | J20: {=_xlfn.XLOOKUP($B20, DB[samplingPoint], DB[waterType])} -> WFI | K20: =$A20+1 -> 46182 | L20: 46185 | M20: 0 | N20: =iferror(ROUNDUP(AVERAGE($M20), 0),"") -> 0 | R20: =iferror(ifs($N20>Q20, "NOT-PASSED", N20<=Q20, "PASSED"), "NA") -> PASSED | S20: FALSE | U20: synced
A21: 46181 | B21: GWFI02 | C21: {=_xlfn.XLOOKUP(B21, DB[samplingPoint], DB[samplingTag])} -> SV213.01 | D21: PQ3-Day1 | E21: WP-26-0085 | F21: TRUE | G21: {=_xlfn.XLOOKUP($B21, DB[samplingPoint], DB[noLocation])} -> 16-2-010 | H21: Building 16 | I21: {=_xlfn.XLOOKUP($B21, DB[samplingPoint], DB[location])} -> AFTER STORAGE TANK | J21: {=_xlfn.XLOOKUP($B21, DB[samplingPoint], DB[waterType])} -> WFI | K21: =$A21+1 -> 46182 | L21: 46185 | M21: 0 | N21: =iferror(ROUNDUP(AVERAGE($M21), 0),"") -> 0 | R21: =iferror(ifs($N21>Q21, "NOT-PASSED", N21<=Q21, "PASSED"), "NA") -> PASSED | S21: FALSE | U21: synced
A22: 46181 | B22: GWFI03 | C22: {=_xlfn.XLOOKUP(B22, DB[samplingPoint], DB[samplingTag])} -> SV217.01 | D22: PQ3-Day1 | E22: WP-26-0085 | F22: TRUE | G22: {=_xlfn.XLOOKUP($B22, DB[samplingPoint], DB[noLocation])} -> 16-2-010 | H22: Building 16 | I22: {=_xlfn.XLOOKUP($B22, DB[samplingPoint], DB[location])} -> RETURN LOOP | J22: {=_xlfn.XLOOKUP($B22, DB[samplingPoint], DB[waterType])} -> WFI | K22: =$A22+1 -> 46182 | L22: 46185 | M22: 0 | N22: =iferror(ROUNDUP(AVERAGE($M22), 0),"") -> 0 | R22: =iferror(ifs($N22>Q22, "NOT-PASSED", N22<=Q22, "PASSED"), "NA") -> PASSED | S22: FALSE | U22: synced
A23: 46181 | B23: WFI07 | C23: {=_xlfn.XLOOKUP(B23, DB[samplingPoint], DB[samplingTag])} -> SV216.02 | D23: PQ3-Day1 | E23: WP-26-0085 | F23: TRUE | G23: {=_xlfn.XLOOKUP($B23, DB[samplingPoint], DB[noLocation])} -> 16-1-098 | H23: Building 16 | I23: {=_xlfn.XLOOKUP($B23, DB[samplingPoint], DB[location])} -> CIP/SIP | J23: {=_xlfn.XLOOKUP($B23, DB[samplingPoint], DB[waterType])} -> WFI | K23: =$A23+1 -> 46182 | L23: 46185 | M23: 0 | N23: =iferror(ROUNDUP(AVERAGE($M23), 0),"") -> 0 | R23: =iferror(ifs($N23>Q23, "NOT-PASSED", N23<=Q23, "PASSED"), "NA") -> PASSED | S23: FALSE | U23: synced
A24: 46181 | B24: WFI08 | C24: {=_xlfn.XLOOKUP(B24, DB[samplingPoint], DB[samplingTag])} -> SV216.04 | D24: PQ3-Day1 | E24: WP-26-0085 | F24: TRUE | G24: {=_xlfn.XLOOKUP($B24, DB[samplingPoint], DB[noLocation])} -> 16-1-098 | H24: Building 16 | I24: {=_xlfn.XLOOKUP($B24, DB[samplingPoint], DB[location])} -> CIP/SIP | J24: {=_xlfn.XLOOKUP($B24, DB[samplingPoint], DB[waterType])} -> WFI | K24: =$A24+1 -> 46182 | L24: 46185 | M24: 0 | N24: =iferror(ROUNDUP(AVERAGE($M24), 0),"") -> 0 | R24: =iferror(ifs($N24>Q24, "NOT-PASSED", N24<=Q24, "PASSED"), "NA") -> PASSED | S24: FALSE | U24: synced
A25: 46182 | B25: WFI03 | C25: {=_xlfn.XLOOKUP(B25, DB[samplingPoint], DB[samplingTag])} -> SV216.03 | D25: PQ3-Day2 | E25: WP-26-0086 | F25: TRUE | G25: {=_xlfn.XLOOKUP($B25, DB[samplingPoint], DB[noLocation])} -> 16-1-096 | H25: Building 16 | I25: {=_xlfn.XLOOKUP($B25, DB[samplingPoint], DB[location])} -> WASHING/TUNNEL-02 | J25: {=_xlfn.XLOOKUP($B25, DB[samplingPoint], DB[waterType])} -> WFI | K25: =$A25+0 -> 46182 | L25: 46185 | M25: 0 | N25: =iferror(ROUNDUP(AVERAGE($M25), 0),"") -> 0 | R25: =iferror(ifs($N25>Q25, "NOT-PASSED", N25<=Q25, "PASSED"), "NA") -> PASSED | S25: FALSE | U25: synced
A26: 46182 | B26: WFI04 | C26: {=_xlfn.XLOOKUP(B26, DB[samplingPoint], DB[samplingTag])} -> POU HE216.03 | D26: PQ3-Day2 | E26: WP-26-0086 | F26: TRUE | G26: {=_xlfn.XLOOKUP($B26, DB[samplingPoint], DB[noLocation])} -> 16-1-082 | H26: Building 16 | I26: {=_xlfn.XLOOKUP($B26, DB[samplingPoint], DB[location])} -> WASHING | J26: {=_xlfn.XLOOKUP($B26, DB[samplingPoint], DB[waterType])} -> WFI | K26: =$A26+0 -> 46182 | L26: 46185 | M26: 0 | N26: =iferror(ROUNDUP(AVERAGE($M26), 0),"") -> 0 | R26: =iferror(ifs($N26>Q26, "NOT-PASSED", N26<=Q26, "PASSED"), "NA") -> PASSED | S26: FALSE | U26: synced
A27: 46182 | B27: WFI05 | C27: {=_xlfn.XLOOKUP(B27, DB[samplingPoint], DB[samplingTag])} -> SV216.06 | D27: PQ3-Day2 | E27: WP-26-0086 | F27: TRUE | G27: {=_xlfn.XLOOKUP($B27, DB[samplingPoint], DB[noLocation])} -> 16-1-082 | H27: Building 16 | I27: {=_xlfn.XLOOKUP($B27, DB[samplingPoint], DB[location])} -> WASHING | J27: {=_xlfn.XLOOKUP($B27, DB[samplingPoint], DB[waterType])} -> WFI | K27: =$A27+0 -> 46182 | L27: 46185 | M27: 0 | N27: =iferror(ROUNDUP(AVERAGE($M27), 0),"") -> 0 | R27: =iferror(ifs($N27>Q27, "NOT-PASSED", N27<=Q27, "PASSED"), "NA") -> PASSED | S27: FALSE | U27: synced
A28: 46183 | B28: WFI01 | C28: {=_xlfn.XLOOKUP(B28, DB[samplingPoint], DB[samplingTag])} -> POU HE216.01 | D28: PQ3-Day3 | E28: WP-26-0087 | F28: TRUE | G28: {=_xlfn.XLOOKUP($B28, DB[samplingPoint], DB[noLocation])} -> 16-1-107 | H28: Building 16 | I28: {=_xlfn.XLOOKUP($B28, DB[samplingPoint], DB[location])} -> COMPOUNDING-01 | J28: {=_xlfn.XLOOKUP($B28, DB[samplingPoint], DB[waterType])} -> WFI | K28: =$A28+1 -> 46184 | L28: 46188 | M28: 16 | N28: =iferror(ROUNDUP(AVERAGE($M28), 0),"") -> 16 | O28: IR: 1100003786 | R28: =iferror(ifs($N28>Q28, "NOT-PASSED", N28<=Q28, "PASSED"), "NA") -> NOT-PASSED | S28: FALSE | U28: synced
A29: 46183 | B29: WFI02 | C29: {=_xlfn.XLOOKUP(B29, DB[samplingPoint], DB[samplingTag])} -> POU HE216.02 | D29: PQ3-Day3 | E29: WP-26-0087 | F29: TRUE | G29: {=_xlfn.XLOOKUP($B29, DB[samplingPoint], DB[noLocation])} -> 16-1-107 | H29: Building 16 | I29: {=_xlfn.XLOOKUP($B29, DB[samplingPoint], DB[location])} -> COMPOUNDING-01 | J29: {=_xlfn.XLOOKUP($B29, DB[samplingPoint], DB[waterType])} -> WFI | K29: =$A29+1 -> 46184 | L29: 46188 | M29: 0 | N29: =iferror(ROUNDUP(AVERAGE($M29), 0),"") -> 0 | R29: =iferror(ifs($N29>Q29, "NOT-PASSED", N29<=Q29, "PASSED"), "NA") -> PASSED | S29: FALSE | U29: synced
A30: 46184 | B30: WFI06 | C30: {=_xlfn.XLOOKUP(B30, DB[samplingPoint], DB[samplingTag])} -> SV216.05 | D30: PQ3-Day4 | E30: WP-26-0088 | F30: TRUE | G30: {=_xlfn.XLOOKUP($B30, DB[samplingPoint], DB[noLocation])} -> 16-1-110 | H30: Building 16 | I30: {=_xlfn.XLOOKUP($B30, DB[samplingPoint], DB[location])} -> DISINFECTANT PREPARATION | J30: {=_xlfn.XLOOKUP($B30, DB[samplingPoint], DB[waterType])} -> WFI | K30: =$A30+0 -> 46184 | L30: 46188 | M30: 0 | N30: =iferror(ROUNDUP(AVERAGE($M30), 0),"") -> 0 | R30: =iferror(ifs($N30>Q30, "NOT-PASSED", N30<=Q30, "PASSED"), "NA") -> PASSED | S30: FALSE | U30: synced
A31: 46184 | B31: WFI09 | C31: {=_xlfn.XLOOKUP(B31, DB[samplingPoint], DB[samplingTag])} -> SV216.10 | D31: PQ3-Day4 | E31: WP-26-0088 | F31: TRUE | G31: {=_xlfn.XLOOKUP($B31, DB[samplingPoint], DB[noLocation])} -> 16-1-105 | H31: Building 16 | I31: {=_xlfn.XLOOKUP($B31, DB[samplingPoint], DB[location])} -> WASHING/TUNNEL-01 | J31: {=_xlfn.XLOOKUP($B31, DB[samplingPoint], DB[waterType])} -> WFI | K31: =$A31+0 -> 46184 | L31: 46188 | M31: 0 | N31: =iferror(ROUNDUP(AVERAGE($M31), 0),"") -> 0 | R31: =iferror(ifs($N31>Q31, "NOT-PASSED", N31<=Q31, "PASSED"), "NA") -> PASSED | S31: FALSE | U31: synced
A32: 46185 | B32: WFI10 | C32: {=_xlfn.XLOOKUP(B32, DB[samplingPoint], DB[samplingTag])} -> POU HE216.04 | D32: PQ3-Day5 | E32: WP-26-0089 | F32: TRUE | G32: {=_xlfn.XLOOKUP($B32, DB[samplingPoint], DB[noLocation])} -> 16-1-114 | H32: Building 16 | I32: {=_xlfn.XLOOKUP($B32, DB[samplingPoint], DB[location])} -> COMPOUNDING-02 | J32: {=_xlfn.XLOOKUP($B32, DB[samplingPoint], DB[waterType])} -> WFI | K32: =$A32+0 -> 46185 | L32: 46188 | M32: 0 | N32: =iferror(ROUNDUP(AVERAGE($M32), 0),"") -> 0 | R32: =iferror(ifs($N32>Q32, "NOT-PASSED", N32<=Q32, "PASSED"), "NA") -> PASSED | S32: FALSE | U32: synced
A33: 46185 | B33: WFI11 | C33: {=_xlfn.XLOOKUP(B33, DB[samplingPoint], DB[samplingTag])} -> POU HE216.05 | D33: PQ3-Day5 | E33: WP-26-0089 | F33: TRUE | G33: {=_xlfn.XLOOKUP($B33, DB[samplingPoint], DB[noLocation])} -> 16-1-114 | H33: Building 16 | I33: {=_xlfn.XLOOKUP($B33, DB[samplingPoint], DB[location])} -> COMPOUNDING-02 | J33: {=_xlfn.XLOOKUP($B33, DB[samplingPoint], DB[waterType])} -> WFI | K33: =$A33+0 -> 46185 | L33: 46188 | M33: 0 | N33: =iferror(ROUNDUP(AVERAGE($M33), 0),"") -> 0 | R33: =iferror(ifs($N33>Q33, "NOT-PASSED", N33<=Q33, "PASSED"), "NA") -> PASSED | S33: FALSE | U33: synced
A34: 46188 | B34: GWFI01 | C34: {=_xlfn.XLOOKUP(B34, DB[samplingPoint], DB[samplingTag])} -> V12-4 | D34: PQ3-Day1 | E34: WP-26-0090 | F34: TRUE | G34: {=_xlfn.XLOOKUP($B34, DB[samplingPoint], DB[noLocation])} -> 16-2-010 | H34: Building 16 | I34: {=_xlfn.XLOOKUP($B34, DB[samplingPoint], DB[location])} -> AFTER WFI GENERATOR | J34: {=_xlfn.XLOOKUP($B34, DB[samplingPoint], DB[waterType])} -> WFI | K34: =$A34+1 -> 46189 | L34: 46192 | M34: 0 | N34: =iferror(ROUNDUP(AVERAGE($M34), 0),"") -> 0 | R34: =iferror(ifs($N34>Q34, "NOT-PASSED", N34<=Q34, "PASSED"), "NA") -> PASSED | S34: FALSE | U34: synced
A35: 46188 | B35: GWFI02 | C35: {=_xlfn.XLOOKUP(B35, DB[samplingPoint], DB[samplingTag])} -> SV213.01 | D35: PQ3-Day1 | E35: WP-26-0090 | F35: TRUE | G35: {=_xlfn.XLOOKUP($B35, DB[samplingPoint], DB[noLocation])} -> 16-2-010 | H35: Building 16 | I35: {=_xlfn.XLOOKUP($B35, DB[samplingPoint], DB[location])} -> AFTER STORAGE TANK | J35: {=_xlfn.XLOOKUP($B35, DB[samplingPoint], DB[waterType])} -> WFI | K35: =$A35+1 -> 46189 | L35: 46192 | M35: 0 | N35: =iferror(ROUNDUP(AVERAGE($M35), 0),"") -> 0 | R35: =iferror(ifs($N35>Q35, "NOT-PASSED", N35<=Q35, "PASSED"), "NA") -> PASSED | S35: FALSE | U35: synced
A36: 46188 | B36: GWFI03 | C36: {=_xlfn.XLOOKUP(B36, DB[samplingPoint], DB[samplingTag])} -> SV217.01 | D36: PQ3-Day1 | E36: WP-26-0090 | F36: TRUE | G36: {=_xlfn.XLOOKUP($B36, DB[samplingPoint], DB[noLocation])} -> 16-2-010 | H36: Building 16 | I36: {=_xlfn.XLOOKUP($B36, DB[samplingPoint], DB[location])} -> RETURN LOOP | J36: {=_xlfn.XLOOKUP($B36, DB[samplingPoint], DB[waterType])} -> WFI | K36: =$A36+1 -> 46189 | L36: 46192 | M36: 0 | N36: =iferror(ROUNDUP(AVERAGE($M36), 0),"") -> 0 | R36: =iferror(ifs($N36>Q36, "NOT-PASSED", N36<=Q36, "PASSED"), "NA") -> PASSED | S36: FALSE | U36: synced
A37: 46188 | B37: WFI07 | C37: {=_xlfn.XLOOKUP(B37, DB[samplingPoint], DB[samplingTag])} -> SV216.02 | D37: PQ3-Day1 | E37: WP-26-0090 | F37: TRUE | G37: {=_xlfn.XLOOKUP($B37, DB[samplingPoint], DB[noLocation])} -> 16-1-098 | H37: Building 16 | I37: {=_xlfn.XLOOKUP($B37, DB[samplingPoint], DB[location])} -> CIP/SIP | J37: {=_xlfn.XLOOKUP($B37, DB[samplingPoint], DB[waterType])} -> WFI | K37: =$A37+1 -> 46189 | L37: 46192 | M37: 0 | N37: =iferror(ROUNDUP(AVERAGE($M37), 0),"") -> 0 | R37: =iferror(ifs($N37>Q37, "NOT-PASSED", N37<=Q37, "PASSED"), "NA") -> PASSED | S37: FALSE | U37: synced
A38: 46188 | B38: WFI08 | C38: {=_xlfn.XLOOKUP(B38, DB[samplingPoint], DB[samplingTag])} -> SV216.04 | D38: PQ3-Day1 | E38: WP-26-0090 | F38: TRUE | G38: {=_xlfn.XLOOKUP($B38, DB[samplingPoint], DB[noLocation])} -> 16-1-098 | H38: Building 16 | I38: {=_xlfn.XLOOKUP($B38, DB[samplingPoint], DB[location])} -> CIP/SIP | J38: {=_xlfn.XLOOKUP($B38, DB[samplingPoint], DB[waterType])} -> WFI | K38: =$A38+1 -> 46189 | L38: 46192 | M38: 0 | N38: =iferror(ROUNDUP(AVERAGE($M38), 0),"") -> 0 | R38: =iferror(ifs($N38>Q38, "NOT-PASSED", N38<=Q38, "PASSED"), "NA") -> PASSED | S38: FALSE | U38: synced
A39: 46189 | B39: WFI03 | C39: {=_xlfn.XLOOKUP(B39, DB[samplingPoint], DB[samplingTag])} -> SV216.03 | D39: PQ3-Day2 | E39: WP-26-0091 | F39: TRUE | G39: {=_xlfn.XLOOKUP($B39, DB[samplingPoint], DB[noLocation])} -> 16-1-096 | H39: Building 16 | I39: {=_xlfn.XLOOKUP($B39, DB[samplingPoint], DB[location])} -> WASHING/TUNNEL-02 | J39: {=_xlfn.XLOOKUP($B39, DB[samplingPoint], DB[waterType])} -> WFI | K39: =$A39+2 -> 46191 | L39: 46195 | M39: 0 | N39: =iferror(ROUNDUP(AVERAGE($M39), 0),"") -> 0 | R39: =iferror(ifs($N39>Q39, "NOT-PASSED", N39<=Q39, "PASSED"), "NA") -> PASSED | S39: FALSE | U39: synced
A40: 46189 | B40: WFI04 | C40: {=_xlfn.XLOOKUP(B40, DB[samplingPoint], DB[samplingTag])} -> POU HE216.03 | D40: PQ3-Day2 | E40: WP-26-0091 | F40: TRUE | G40: {=_xlfn.XLOOKUP($B40, DB[samplingPoint], DB[noLocation])} -> 16-1-082 | H40: Building 16 | I40: {=_xlfn.XLOOKUP($B40, DB[samplingPoint], DB[location])} -> WASHING | J40: {=_xlfn.XLOOKUP($B40, DB[samplingPoint], DB[waterType])} -> WFI | K40: =$A40+2 -> 46191 | L40: 46195 | M40: 0 | N40: =iferror(ROUNDUP(AVERAGE($M40), 0),"") -> 0 | R40: =iferror(ifs($N40>Q40, "NOT-PASSED", N40<=Q40, "PASSED"), "NA") -> PASSED | S40: FALSE | U40: synced
A41: 46189 | B41: WFI05 | C41: {=_xlfn.XLOOKUP(B41, DB[samplingPoint], DB[samplingTag])} -> SV216.06 | D41: PQ3-Day2 | E41: WP-26-0091 | F41: TRUE | G41: {=_xlfn.XLOOKUP($B41, DB[samplingPoint], DB[noLocation])} -> 16-1-082 | H41: Building 16 | I41: {=_xlfn.XLOOKUP($B41, DB[samplingPoint], DB[location])} -> WASHING | J41: {=_xlfn.XLOOKUP($B41, DB[samplingPoint], DB[waterType])} -> WFI | K41: =$A41+2 -> 46191 | L41: 46195 | M41: 0 | N41: =iferror(ROUNDUP(AVERAGE($M41), 0),"") -> 0 | R41: =iferror(ifs($N41>Q41, "NOT-PASSED", N41<=Q41, "PASSED"), "NA") -> PASSED | S41: FALSE | U41: synced
A42: 46190 | B42: WFI01 | C42: {=_xlfn.XLOOKUP(B42, DB[samplingPoint], DB[samplingTag])} -> POU HE216.01 | D42: PQ3-Day3 | E42: WP-26-0092 | F42: TRUE | G42: {=_xlfn.XLOOKUP($B42, DB[samplingPoint], DB[noLocation])} -> 16-1-107 | H42: Building 16 | I42: {=_xlfn.XLOOKUP($B42, DB[samplingPoint], DB[location])} -> COMPOUNDING-01 | J42: {=_xlfn.XLOOKUP($B42, DB[samplingPoint], DB[waterType])} -> WFI | K42: =$A42+1 -> 46191 | L42: 46195 | M42: 9 | N42: =iferror(ROUNDUP(AVERAGE($M42), 0),"") -> 9 | O42: COMMU: WFI-M-2-26-001 | R42: =iferror(ifs($N42>Q42, "NOT-PASSED", N42<=Q42, "PASSED"), "NA") -> NOT-PASSED | S42: FALSE | U42: synced
A43: 46190 | B43: WFI02 | C43: {=_xlfn.XLOOKUP(B43, DB[samplingPoint], DB[samplingTag])} -> POU HE216.02 | D43: PQ3-Day3 | E43: WP-26-0092 | F43: TRUE | G43: {=_xlfn.XLOOKUP($B43, DB[samplingPoint], DB[noLocation])} -> 16-1-107 | H43: Building 16 | I43: {=_xlfn.XLOOKUP($B43, DB[samplingPoint], DB[location])} -> COMPOUNDING-01 | J43: {=_xlfn.XLOOKUP($B43, DB[samplingPoint], DB[waterType])} -> WFI | K43: =$A43+1 -> 46191 | L43: 46195 | M43: 0 | N43: =iferror(ROUNDUP(AVERAGE($M43), 0),"") -> 0 | R43: =iferror(ifs($N43>Q43, "NOT-PASSED", N43<=Q43, "PASSED"), "NA") -> PASSED | S43: FALSE | U43: synced
A44: 46191 | B44: WFI06 | C44: {=_xlfn.XLOOKUP(B44, DB[samplingPoint], DB[samplingTag])} -> SV216.05 | D44: PQ3-Day4 | E44: WP-26-0093 | F44: TRUE | G44: {=_xlfn.XLOOKUP($B44, DB[samplingPoint], DB[noLocation])} -> 16-1-110 | H44: Building 16 | I44: {=_xlfn.XLOOKUP($B44, DB[samplingPoint], DB[location])} -> DISINFECTANT PREPARATION | J44: {=_xlfn.XLOOKUP($B44, DB[samplingPoint], DB[waterType])} -> WFI | K44: =$A44+2 -> 46193 | L44: 46196 | M44: 0 | N44: =iferror(ROUNDUP(AVERAGE($M44), 0),"") -> 0 | R44: =iferror(ifs($N44>Q44, "NOT-PASSED", N44<=Q44, "PASSED"), "NA") -> PASSED | S44: FALSE | U44: synced
A45: 46191 | B45: WFI09 | C45: {=_xlfn.XLOOKUP(B45, DB[samplingPoint], DB[samplingTag])} -> SV216.10 | D45: PQ3-Day4 | E45: WP-26-0093 | F45: TRUE | G45: {=_xlfn.XLOOKUP($B45, DB[samplingPoint], DB[noLocation])} -> 16-1-105 | H45: Building 16 | I45: {=_xlfn.XLOOKUP($B45, DB[samplingPoint], DB[location])} -> WASHING/TUNNEL-01 | J45: {=_xlfn.XLOOKUP($B45, DB[samplingPoint], DB[waterType])} -> WFI | K45: =$A45+2 -> 46193 | L45: 46196 | M45: 0 | N45: =iferror(ROUNDUP(AVERAGE($M45), 0),"") -> 0 | R45: =iferror(ifs($N45>Q45, "NOT-PASSED", N45<=Q45, "PASSED"), "NA") -> PASSED | S45: FALSE | U45: synced
A46: 46192 | B46: WFI10 | C46: {=_xlfn.XLOOKUP(B46, DB[samplingPoint], DB[samplingTag])} -> POU HE216.04 | D46: PQ3-Day5 | E46: WP-26-0094 | F46: TRUE | G46: {=_xlfn.XLOOKUP($B46, DB[samplingPoint], DB[noLocation])} -> 16-1-114 | H46: Building 16 | I46: {=_xlfn.XLOOKUP($B46, DB[samplingPoint], DB[location])} -> COMPOUNDING-02 | J46: {=_xlfn.XLOOKUP($B46, DB[samplingPoint], DB[waterType])} -> WFI | K46: =$A46+1 -> 46193 | L46: 46196 | M46: 0 | N46: =iferror(ROUNDUP(AVERAGE($M46), 0),"") -> 0 | R46: =iferror(ifs($N46>Q46, "NOT-PASSED", N46<=Q46, "PASSED"), "NA") -> PASSED | S46: FALSE | U46: synced
A47: 46192 | B47: WFI11 | C47: {=_xlfn.XLOOKUP(B47, DB[samplingPoint], DB[samplingTag])} -> POU HE216.05 | D47: PQ3-Day5 | E47: WP-26-0094 | F47: TRUE | G47: {=_xlfn.XLOOKUP($B47, DB[samplingPoint], DB[noLocation])} -> 16-1-114 | H47: Building 16 | I47: {=_xlfn.XLOOKUP($B47, DB[samplingPoint], DB[location])} -> COMPOUNDING-02 | J47: {=_xlfn.XLOOKUP($B47, DB[samplingPoint], DB[waterType])} -> WFI | K47: =$A47+1 -> 46193 | L47: 46196 | M47: 0 | N47: =iferror(ROUNDUP(AVERAGE($M47), 0),"") -> 0 | R47: =iferror(ifs($N47>Q47, "NOT-PASSED", N47<=Q47, "PASSED"), "NA") -> PASSED | S47: FALSE | U47: synced
A48: 46195 | B48: GWFI01 | C48: {=_xlfn.XLOOKUP(B48, DB[samplingPoint], DB[samplingTag])} -> V12-4 | D48: PQ3-Day1 | E48: WP-26-0095 | F48: TRUE | G48: {=_xlfn.XLOOKUP($B48, DB[samplingPoint], DB[noLocation])} -> 16-2-010 | H48: Building 16 | I48: {=_xlfn.XLOOKUP($B48, DB[samplingPoint], DB[location])} -> AFTER WFI GENERATOR | J48: {=_xlfn.XLOOKUP($B48, DB[samplingPoint], DB[waterType])} -> WFI | K48: =$A48+1 -> 46196 | L48: 46199 | M48: 0 | N48: =iferror(ROUNDUP(AVERAGE($M48), 0),"") -> 0 | R48: =iferror(ifs($N48>Q48, "NOT-PASSED", N48<=Q48, "PASSED"), "NA") -> PASSED | S48: FALSE | U48: synced
A49: 46195 | B49: GWFI02 | C49: {=_xlfn.XLOOKUP(B49, DB[samplingPoint], DB[samplingTag])} -> SV213.01 | D49: PQ3-Day1 | E49: WP-26-0095 | F49: TRUE | G49: {=_xlfn.XLOOKUP($B49, DB[samplingPoint], DB[noLocation])} -> 16-2-010 | H49: Building 16 | I49: {=_xlfn.XLOOKUP($B49, DB[samplingPoint], DB[location])} -> AFTER STORAGE TANK | J49: {=_xlfn.XLOOKUP($B49, DB[samplingPoint], DB[waterType])} -> WFI | K49: =$A49+1 -> 46196 | L49: 46199 | M49: 0 | N49: =iferror(ROUNDUP(AVERAGE($M49), 0),"") -> 0 | R49: =iferror(ifs($N49>Q49, "NOT-PASSED", N49<=Q49, "PASSED"), "NA") -> PASSED | S49: FALSE | U49: synced
A50: 46195 | B50: GWFI03 | C50: {=_xlfn.XLOOKUP(B50, DB[samplingPoint], DB[samplingTag])} -> SV217.01 | D50: PQ3-Day1 | E50: WP-26-0095 | F50: TRUE | G50: {=_xlfn.XLOOKUP($B50, DB[samplingPoint], DB[noLocation])} -> 16-2-010 | H50: Building 16 | I50: {=_xlfn.XLOOKUP($B50, DB[samplingPoint], DB[location])} -> RETURN LOOP | J50: {=_xlfn.XLOOKUP($B50, DB[samplingPoint], DB[waterType])} -> WFI | K50: =$A50+1 -> 46196 | L50: 46199 | M50: 0 | N50: =iferror(ROUNDUP(AVERAGE($M50), 0),"") -> 0 | R50: =iferror(ifs($N50>Q50, "NOT-PASSED", N50<=Q50, "PASSED"), "NA") -> PASSED | S50: FALSE | U50: synced
A51: 46195 | B51: WFI07 | C51: {=_xlfn.XLOOKUP(B51, DB[samplingPoint], DB[samplingTag])} -> SV216.02 | D51: PQ3-Day1 | E51: WP-26-0095 | F51: TRUE | G51: {=_xlfn.XLOOKUP($B51, DB[samplingPoint], DB[noLocation])} -> 16-1-098 | H51: Building 16 | I51: {=_xlfn.XLOOKUP($B51, DB[samplingPoint], DB[location])} -> CIP/SIP | J51: {=_xlfn.XLOOKUP($B51, DB[samplingPoint], DB[waterType])} -> WFI | K51: =$A51+1 -> 46196 | L51: 46199 | M51: 0 | N51: =iferror(ROUNDUP(AVERAGE($M51), 0),"") -> 0 | R51: =iferror(ifs($N51>Q51, "NOT-PASSED", N51<=Q51, "PASSED"), "NA") -> PASSED | S51: FALSE | U51: synced
A52: 46195 | B52: WFI08 | C52: {=_xlfn.XLOOKUP(B52, DB[samplingPoint], DB[samplingTag])} -> SV216.04 | D52: PQ3-Day1 | E52: WP-26-0095 | F52: TRUE | G52: {=_xlfn.XLOOKUP($B52, DB[samplingPoint], DB[noLocation])} -> 16-1-098 | H52: Building 16 | I52: {=_xlfn.XLOOKUP($B52, DB[samplingPoint], DB[location])} -> CIP/SIP | J52: {=_xlfn.XLOOKUP($B52, DB[samplingPoint], DB[waterType])} -> WFI | K52: =$A52+1 -> 46196 | L52: 46199 | M52: 0 | N52: =iferror(ROUNDUP(AVERAGE($M52), 0),"") -> 0 | R52: =iferror(ifs($N52>Q52, "NOT-PASSED", N52<=Q52, "PASSED"), "NA") -> PASSED | S52: FALSE | U52: synced
A53: 46196 | B53: WFI03 | C53: {=_xlfn.XLOOKUP(B53, DB[samplingPoint], DB[samplingTag])} -> SV216.03 | D53: PQ3-Day2 | E53: WP-26-0096 | F53: TRUE | G53: {=_xlfn.XLOOKUP($B53, DB[samplingPoint], DB[noLocation])} -> 16-1-096 | H53: Building 16 | I53: {=_xlfn.XLOOKUP($B53, DB[samplingPoint], DB[location])} -> WASHING/TUNNEL-02 | J53: {=_xlfn.XLOOKUP($B53, DB[samplingPoint], DB[waterType])} -> WFI | K53: =$A53+2 -> 46198 | L53: 46202 | M53: 0 | N53: =iferror(ROUNDUP(AVERAGE($M53), 0),"") -> 0 | R53: =iferror(ifs($N53>Q53, "NOT-PASSED", N53<=Q53, "PASSED"), "NA") -> PASSED | S53: FALSE | U53: synced
A54: 46196 | B54: WFI04 | C54: {=_xlfn.XLOOKUP(B54, DB[samplingPoint], DB[samplingTag])} -> POU HE216.03 | D54: PQ3-Day2 | E54: WP-26-0096 | F54: TRUE | G54: {=_xlfn.XLOOKUP($B54, DB[samplingPoint], DB[noLocation])} -> 16-1-082 | H54: Building 16 | I54: {=_xlfn.XLOOKUP($B54, DB[samplingPoint], DB[location])} -> WASHING | J54: {=_xlfn.XLOOKUP($B54, DB[samplingPoint], DB[waterType])} -> WFI | K54: =$A54+2 -> 46198 | L54: 46202 | M54: 0 | N54: =iferror(ROUNDUP(AVERAGE($M54), 0),"") -> 0 | R54: =iferror(ifs($N54>Q54, "NOT-PASSED", N54<=Q54, "PASSED"), "NA") -> PASSED | S54: FALSE | U54: synced
A55: 46196 | B55: WFI05 | C55: {=_xlfn.XLOOKUP(B55, DB[samplingPoint], DB[samplingTag])} -> SV216.06 | D55: PQ3-Day2 | E55: WP-26-0096 | F55: TRUE | G55: {=_xlfn.XLOOKUP($B55, DB[samplingPoint], DB[noLocation])} -> 16-1-082 | H55: Building 16 | I55: {=_xlfn.XLOOKUP($B55, DB[samplingPoint], DB[location])} -> WASHING | J55: {=_xlfn.XLOOKUP($B55, DB[samplingPoint], DB[waterType])} -> WFI | K55: =$A55+2 -> 46198 | L55: 46202 | M55: 0 | N55: =iferror(ROUNDUP(AVERAGE($M55), 0),"") -> 0 | R55: =iferror(ifs($N55>Q55, "NOT-PASSED", N55<=Q55, "PASSED"), "NA") -> PASSED | S55: FALSE | U55: synced
A56: 46197 | B56: WFI01 | C56: {=_xlfn.XLOOKUP(B56, DB[samplingPoint], DB[samplingTag])} -> POU HE216.01 | D56: PQ3-Day3 | E56: WP-26-0097 | F56: TRUE | G56: {=_xlfn.XLOOKUP($B56, DB[samplingPoint], DB[noLocation])} -> 16-1-107 | H56: Building 16 | I56: {=_xlfn.XLOOKUP($B56, DB[samplingPoint], DB[location])} -> COMPOUNDING-01 | J56: {=_xlfn.XLOOKUP($B56, DB[samplingPoint], DB[waterType])} -> WFI | K56: =$A56+1 -> 46198 | L56: 46202 | M56: 2 | N56: =iferror(ROUNDUP(AVERAGE($M56), 0),"") -> 2 | R56: =iferror(ifs($N56>Q56, "NOT-PASSED", N56<=Q56, "PASSED"), "NA") -> NOT-PASSED | S56: FALSE | U56: synced
A57: 46197 | B57: WFI02 | C57: {=_xlfn.XLOOKUP(B57, DB[samplingPoint], DB[samplingTag])} -> POU HE216.02 | D57: PQ3-Day3 | E57: WP-26-0097 | F57: TRUE | G57: {=_xlfn.XLOOKUP($B57, DB[samplingPoint], DB[noLocation])} -> 16-1-107 | H57: Building 16 | I57: {=_xlfn.XLOOKUP($B57, DB[samplingPoint], DB[location])} -> COMPOUNDING-01 | J57: {=_xlfn.XLOOKUP($B57, DB[samplingPoint], DB[waterType])} -> WFI | K57: =$A57+1 -> 46198 | L57: 46202 | M57: 83 | N57: =iferror(ROUNDUP(AVERAGE($M57), 0),"") -> 83 | O57: OOS 69-ANF3-016 | R57: =iferror(ifs($N57>Q57, "NOT-PASSED", N57<=Q57, "PASSED"), "NA") -> NOT-PASSED | S57: FALSE | U57: synced
A58: 46198 | B58: WFI06 | C58: {=_xlfn.XLOOKUP(B58, DB[samplingPoint], DB[samplingTag])} -> SV216.05 | D58: PQ3-Day4 | E58: WP-26-0098 | F58: TRUE | G58: {=_xlfn.XLOOKUP($B58, DB[samplingPoint], DB[noLocation])} -> 16-1-110 | H58: Building 16 | I58: {=_xlfn.XLOOKUP($B58, DB[samplingPoint], DB[location])} -> DISINFECTANT PREPARATION | J58: {=_xlfn.XLOOKUP($B58, DB[samplingPoint], DB[waterType])} -> WFI | K58: =$A58+2 -> 46200 | L58: =$A58+5 -> 46203 | M58: 0 | N58: =iferror(ROUNDUP(AVERAGE($M58), 0),"") -> 0 | R58: =iferror(ifs($N58>Q58, "NOT-PASSED", N58<=Q58, "PASSED"), "NA") -> PASSED | S58: FALSE | U58: synced
A59: 46198 | B59: WFI09 | C59: {=_xlfn.XLOOKUP(B59, DB[samplingPoint], DB[samplingTag])} -> SV216.10 | D59: PQ3-Day4 | E59: WP-26-0098 | F59: TRUE | G59: {=_xlfn.XLOOKUP($B59, DB[samplingPoint], DB[noLocation])} -> 16-1-105 | H59: Building 16 | I59: {=_xlfn.XLOOKUP($B59, DB[samplingPoint], DB[location])} -> WASHING/TUNNEL-01 | J59: {=_xlfn.XLOOKUP($B59, DB[samplingPoint], DB[waterType])} -> WFI | K59: =$A59+2 -> 46200 | L59: =$A59+5 -> 46203 | M59: 0 | N59: =iferror(ROUNDUP(AVERAGE($M59), 0),"") -> 0 | R59: =iferror(ifs($N59>Q59, "NOT-PASSED", N59<=Q59, "PASSED"), "NA") -> PASSED | S59: FALSE | U59: synced
A60: 46199 | B60: WFI10 | C60: {=_xlfn.XLOOKUP(B60, DB[samplingPoint], DB[samplingTag])} -> POU HE216.04 | D60: PQ3-Day5 | E60: WP-26-0099 | F60: TRUE | G60: {=_xlfn.XLOOKUP($B60, DB[samplingPoint], DB[noLocation])} -> 16-1-114 | H60: Building 16 | I60: {=_xlfn.XLOOKUP($B60, DB[samplingPoint], DB[location])} -> COMPOUNDING-02 | J60: {=_xlfn.XLOOKUP($B60, DB[samplingPoint], DB[waterType])} -> WFI | K60: =$A60+1 -> 46200 | L60: =$A60+4 -> 46203 | M60: 0 | N60: =iferror(ROUNDUP(AVERAGE($M60), 0),"") -> 0 | R60: =iferror(ifs($N60>Q60, "NOT-PASSED", N60<=Q60, "PASSED"), "NA") -> PASSED | S60: FALSE | U60: synced
A61: 46199 | B61: WFI11 | C61: {=_xlfn.XLOOKUP(B61, DB[samplingPoint], DB[samplingTag])} -> POU HE216.05 | D61: PQ3-Day5 | E61: WP-26-0099 | F61: TRUE | G61: {=_xlfn.XLOOKUP($B61, DB[samplingPoint], DB[noLocation])} -> 16-1-114 | H61: Building 16 | I61: {=_xlfn.XLOOKUP($B61, DB[samplingPoint], DB[location])} -> COMPOUNDING-02 | J61: {=_xlfn.XLOOKUP($B61, DB[samplingPoint], DB[waterType])} -> WFI | K61: =$A61+1 -> 46200 | L61: =$A61+4 -> 46203 | M61: 0 | N61: =iferror(ROUNDUP(AVERAGE($M61), 0),"") -> 0 | R61: =iferror(ifs($N61>Q61, "NOT-PASSED", N61<=Q61, "PASSED"), "NA") -> PASSED | S61: FALSE | U61: synced
A62: 46202 | B62: GWFI01 | C62: {=_xlfn.XLOOKUP(B62, DB[samplingPoint], DB[samplingTag])} -> V12-4 | D62: PQ3-Day1 | E62: WP-26-0100 | F62: TRUE | G62: {=_xlfn.XLOOKUP($B62, DB[samplingPoint], DB[noLocation])} -> 16-2-010 | H62: Building 16 | I62: {=_xlfn.XLOOKUP($B62, DB[samplingPoint], DB[location])} -> AFTER WFI GENERATOR | J62: {=_xlfn.XLOOKUP($B62, DB[samplingPoint], DB[waterType])} -> WFI | K62: =$A62+1 -> 46203 | L62: 46206 | M62: 0 | N62: =iferror(ROUNDUP(AVERAGE($M62), 0),"") -> 0 | R62: =iferror(ifs($N62>Q62, "NOT-PASSED", N62<=Q62, "PASSED"), "NA") -> PASSED | S62: FALSE | U62: synced
A63: 46202 | B63: GWFI02 | C63: {=_xlfn.XLOOKUP(B63, DB[samplingPoint], DB[samplingTag])} -> SV213.01 | D63: PQ3-Day1 | E63: WP-26-0100 | F63: TRUE | G63: {=_xlfn.XLOOKUP($B63, DB[samplingPoint], DB[noLocation])} -> 16-2-010 | H63: Building 16 | I63: {=_xlfn.XLOOKUP($B63, DB[samplingPoint], DB[location])} -> AFTER STORAGE TANK | J63: {=_xlfn.XLOOKUP($B63, DB[samplingPoint], DB[waterType])} -> WFI | K63: =$A63+1 -> 46203 | L63: 46206 | M63: 0 | N63: =iferror(ROUNDUP(AVERAGE($M63), 0),"") -> 0 | R63: =iferror(ifs($N63>Q63, "NOT-PASSED", N63<=Q63, "PASSED"), "NA") -> PASSED | S63: FALSE | U63: synced
A64: 46202 | B64: GWFI03 | C64: {=_xlfn.XLOOKUP(B64, DB[samplingPoint], DB[samplingTag])} -> SV217.01 | D64: PQ3-Day1 | E64: WP-26-0100 | F64: TRUE | G64: {=_xlfn.XLOOKUP($B64, DB[samplingPoint], DB[noLocation])} -> 16-2-010 | H64: Building 16 | I64: {=_xlfn.XLOOKUP($B64, DB[samplingPoint], DB[location])} -> RETURN LOOP | J64: {=_xlfn.XLOOKUP($B64, DB[samplingPoint], DB[waterType])} -> WFI | K64: =$A64+1 -> 46203 | L64: 46206 | M64: 0 | N64: =iferror(ROUNDUP(AVERAGE($M64), 0),"") -> 0 | R64: =iferror(ifs($N64>Q64, "NOT-PASSED", N64<=Q64, "PASSED"), "NA") -> PASSED | S64: FALSE | U64: synced
A65: 46202 | B65: WFI07 | C65: {=_xlfn.XLOOKUP(B65, DB[samplingPoint], DB[samplingTag])} -> SV216.02 | D65: PQ3-Day1 | E65: WP-26-0100 | F65: TRUE | G65: {=_xlfn.XLOOKUP($B65, DB[samplingPoint], DB[noLocation])} -> 16-1-098 | H65: Building 16 | I65: {=_xlfn.XLOOKUP($B65, DB[samplingPoint], DB[location])} -> CIP/SIP | J65: {=_xlfn.XLOOKUP($B65, DB[samplingPoint], DB[waterType])} -> WFI | K65: =$A65+1 -> 46203 | L65: 46206 | M65: 0 | N65: =iferror(ROUNDUP(AVERAGE($M65), 0),"") -> 0 | R65: =iferror(ifs($N65>Q65, "NOT-PASSED", N65<=Q65, "PASSED"), "NA") -> PASSED | S65: FALSE | U65: synced
A66: 46202 | B66: WFI08 | C66: {=_xlfn.XLOOKUP(B66, DB[samplingPoint], DB[samplingTag])} -> SV216.04 | D66: PQ3-Day1 | E66: WP-26-0100 | F66: TRUE | G66: {=_xlfn.XLOOKUP($B66, DB[samplingPoint], DB[noLocation])} -> 16-1-098 | H66: Building 16 | I66: {=_xlfn.XLOOKUP($B66, DB[samplingPoint], DB[location])} -> CIP/SIP | J66: {=_xlfn.XLOOKUP($B66, DB[samplingPoint], DB[waterType])} -> WFI | K66: =$A66+1 -> 46203 | L66: 46206 | M66: 0 | N66: =iferror(ROUNDUP(AVERAGE($M66), 0),"") -> 0 | R66: =iferror(ifs($N66>Q66, "NOT-PASSED", N66<=Q66, "PASSED"), "NA") -> PASSED | S66: FALSE | U66: synced
A67: 46203 | B67: WFI03 | C67: {=_xlfn.XLOOKUP(B67, DB[samplingPoint], DB[samplingTag])} -> SV216.03 | D67: PQ3-Day2 | E67: WP-26-0101 | F67: TRUE | G67: {=_xlfn.XLOOKUP($B67, DB[samplingPoint], DB[noLocation])} -> 16-1-096 | H67: Building 16 | I67: {=_xlfn.XLOOKUP($B67, DB[samplingPoint], DB[location])} -> WASHING/TUNNEL-02 | J67: {=_xlfn.XLOOKUP($B67, DB[samplingPoint], DB[waterType])} -> WFI | K67: =$A67+2 -> 46205 | L67: 46179 | M67: 0 | N67: =iferror(ROUNDUP(AVERAGE($M67), 0),"") -> 0 | R67: =iferror(ifs($N67>Q67, "NOT-PASSED", N67<=Q67, "PASSED"), "NA") -> PASSED | S67: FALSE | U67: synced
A68: 46203 | B68: WFI04 | C68: {=_xlfn.XLOOKUP(B68, DB[samplingPoint], DB[samplingTag])} -> POU HE216.03 | D68: PQ3-Day2 | E68: WP-26-0101 | F68: TRUE | G68: {=_xlfn.XLOOKUP($B68, DB[samplingPoint], DB[noLocation])} -> 16-1-082 | H68: Building 16 | I68: {=_xlfn.XLOOKUP($B68, DB[samplingPoint], DB[location])} -> WASHING | J68: {=_xlfn.XLOOKUP($B68, DB[samplingPoint], DB[waterType])} -> WFI | K68: =$A68+2 -> 46205 | L68: 46179 | M68: 0 | N68: =iferror(ROUNDUP(AVERAGE($M68), 0),"") -> 0 | R68: =iferror(ifs($N68>Q68, "NOT-PASSED", N68<=Q68, "PASSED"), "NA") -> PASSED | S68: FALSE | U68: synced
A69: 46203 | B69: WFI05 | C69: {=_xlfn.XLOOKUP(B69, DB[samplingPoint], DB[samplingTag])} -> SV216.06 | D69: PQ3-Day2 | E69: WP-26-0101 | F69: TRUE | G69: {=_xlfn.XLOOKUP($B69, DB[samplingPoint], DB[noLocation])} -> 16-1-082 | H69: Building 16 | I69: {=_xlfn.XLOOKUP($B69, DB[samplingPoint], DB[location])} -> WASHING | J69: {=_xlfn.XLOOKUP($B69, DB[samplingPoint], DB[waterType])} -> WFI | K69: =$A69+2 -> 46205 | L69: 46179 | M69: 0 | N69: =iferror(ROUNDUP(AVERAGE($M69), 0),"") -> 0 | R69: =iferror(ifs($N69>Q69, "NOT-PASSED", N69<=Q69, "PASSED"), "NA") -> PASSED | S69: FALSE | U69: synced
A70: 46204 | B70: WFI01 | C70: {=_xlfn.XLOOKUP(B70, DB[samplingPoint], DB[samplingTag])} -> POU HE216.01 | D70: PQ3-Day3 | E70: WP-26-0102 | F70: TRUE | G70: {=_xlfn.XLOOKUP($B70, DB[samplingPoint], DB[noLocation])} -> 16-1-107 | H70: Building 16 | I70: {=_xlfn.XLOOKUP($B70, DB[samplingPoint], DB[location])} -> COMPOUNDING-01 | J70: {=_xlfn.XLOOKUP($B70, DB[samplingPoint], DB[waterType])} -> WFI | K70: =$A70+1 -> 46205 | L70: 46179 | M70: 17 | N70: =iferror(ROUNDUP(AVERAGE($M70), 0),"") -> 17 | O70: IR: 1100003879 | R70: =iferror(ifs($N70>Q70, "NOT-PASSED", N70<=Q70, "PASSED"), "NA") -> NOT-PASSED | S70: FALSE | U70: synced
A71: 46204 | B71: WFI02 | C71: {=_xlfn.XLOOKUP(B71, DB[samplingPoint], DB[samplingTag])} -> POU HE216.02 | D71: PQ3-Day3 | E71: WP-26-0102 | F71: TRUE | G71: {=_xlfn.XLOOKUP($B71, DB[samplingPoint], DB[noLocation])} -> 16-1-107 | H71: Building 16 | I71: {=_xlfn.XLOOKUP($B71, DB[samplingPoint], DB[location])} -> COMPOUNDING-01 | J71: {=_xlfn.XLOOKUP($B71, DB[samplingPoint], DB[waterType])} -> WFI | K71: =$A71+1 -> 46205 | L71: 46179 | M71: 0 | N71: =iferror(ROUNDUP(AVERAGE($M71), 0),"") -> 0 | R71: =iferror(ifs($N71>Q71, "NOT-PASSED", N71<=Q71, "PASSED"), "NA") -> PASSED | S71: FALSE | U71: synced
A72: 46205 | B72: WFI06 | C72: {=_xlfn.XLOOKUP(B72, DB[samplingPoint], DB[samplingTag])} -> SV216.05 | D72: PQ3-Day4 | E72: WP-26-0103 | F72: TRUE | G72: {=_xlfn.XLOOKUP($B72, DB[samplingPoint], DB[noLocation])} -> 16-1-110 | H72: Building 16 | I72: {=_xlfn.XLOOKUP($B72, DB[samplingPoint], DB[location])} -> DISINFECTANT PREPARATION | J72: {=_xlfn.XLOOKUP($B72, DB[samplingPoint], DB[waterType])} -> WFI | K72: =$A72 -> 46205 | L72: 46179 | M72: 0 | N72: =iferror(ROUNDUP(AVERAGE($M72), 0),"") -> 0 | R72: =iferror(ifs($N72>Q72, "NOT-PASSED", N72<=Q72, "PASSED"), "NA") -> PASSED | S72: FALSE | U72: synced
A73: 46205 | B73: WFI09 | C73: {=_xlfn.XLOOKUP(B73, DB[samplingPoint], DB[samplingTag])} -> SV216.10 | D73: PQ3-Day4 | E73: WP-26-0103 | F73: TRUE | G73: {=_xlfn.XLOOKUP($B73, DB[samplingPoint], DB[noLocation])} -> 16-1-105 | H73: Building 16 | I73: {=_xlfn.XLOOKUP($B73, DB[samplingPoint], DB[location])} -> WASHING/TUNNEL-01 | J73: {=_xlfn.XLOOKUP($B73, DB[samplingPoint], DB[waterType])} -> WFI | K73: =$A73 -> 46205 | L73: 46179 | M73: 0 | N73: =iferror(ROUNDUP(AVERAGE($M73), 0),"") -> 0 | R73: =iferror(ifs($N73>Q73, "NOT-PASSED", N73<=Q73, "PASSED"), "NA") -> PASSED | S73: FALSE | U73: synced
A74: 46206 | B74: WFI10 | C74: {=_xlfn.XLOOKUP(B74, DB[samplingPoint], DB[samplingTag])} -> POU HE216.04 | D74: PQ3-Day5 | E74: WP-26-0104 | F74: TRUE | G74: {=_xlfn.XLOOKUP($B74, DB[samplingPoint], DB[noLocation])} -> 16-1-114 | H74: Building 16 | I74: {=_xlfn.XLOOKUP($B74, DB[samplingPoint], DB[location])} -> COMPOUNDING-02 | J74: {=_xlfn.XLOOKUP($B74, DB[samplingPoint], DB[waterType])} -> WFI | K74: =$A74+0 -> 46206 | L74: 46179 | M74: 0 | N74: =iferror(ROUNDUP(AVERAGE($M74), 0),"") -> 0 | R74: =iferror(ifs($N74>Q74, "NOT-PASSED", N74<=Q74, "PASSED"), "NA") -> PASSED | S74: FALSE | U74: synced
A75: 46206 | B75: WFI11 | C75: {=_xlfn.XLOOKUP(B75, DB[samplingPoint], DB[samplingTag])} -> POU HE216.05 | D75: PQ3-Day5 | E75: WP-26-0104 | F75: TRUE | G75: {=_xlfn.XLOOKUP($B75, DB[samplingPoint], DB[noLocation])} -> 16-1-114 | H75: Building 16 | I75: {=_xlfn.XLOOKUP($B75, DB[samplingPoint], DB[location])} -> COMPOUNDING-02 | J75: {=_xlfn.XLOOKUP($B75, DB[samplingPoint], DB[waterType])} -> WFI | K75: =$A75+0 -> 46206 | L75: 46179 | M75: 0 | N75: =iferror(ROUNDUP(AVERAGE($M75), 0),"") -> 0 | R75: =iferror(ifs($N75>Q75, "NOT-PASSED", N75<=Q75, "PASSED"), "NA") -> PASSED | S75: FALSE | U75: synced
A76: 46209 | B76: GWFI01 | C76: {=_xlfn.XLOOKUP(B76, DB[samplingPoint], DB[samplingTag])} -> V12-4 | D76: PQ3-Day1 | E76: WP-26-0105 | F76: TRUE | G76: {=_xlfn.XLOOKUP($B76, DB[samplingPoint], DB[noLocation])} -> 16-2-010 | H76: Building 16 | I76: {=_xlfn.XLOOKUP($B76, DB[samplingPoint], DB[location])} -> AFTER WFI GENERATOR | J76: {=_xlfn.XLOOKUP($B76, DB[samplingPoint], DB[waterType])} -> WFI | K76: =$A76+1 -> 46210 | L76: 46213 | M76: 0 | N76: =iferror(ROUNDUP(AVERAGE($M76), 0),"") -> 0 | R76: =iferror(ifs($N76>Q76, "NOT-PASSED", N76<=Q76, "PASSED"), "NA") -> PASSED | S76: FALSE | U76: synced
A77: 46209 | B77: GWFI02 | C77: {=_xlfn.XLOOKUP(B77, DB[samplingPoint], DB[samplingTag])} -> SV213.01 | D77: PQ3-Day1 | E77: WP-26-0105 | F77: TRUE | G77: {=_xlfn.XLOOKUP($B77, DB[samplingPoint], DB[noLocation])} -> 16-2-010 | H77: Building 16 | I77: {=_xlfn.XLOOKUP($B77, DB[samplingPoint], DB[location])} -> AFTER STORAGE TANK | J77: {=_xlfn.XLOOKUP($B77, DB[samplingPoint], DB[waterType])} -> WFI | K77: =$A77+1 -> 46210 | L77: 46213 | M77: 0 | N77: =iferror(ROUNDUP(AVERAGE($M77), 0),"") -> 0 | R77: =iferror(ifs($N77>Q77, "NOT-PASSED", N77<=Q77, "PASSED"), "NA") -> PASSED | S77: FALSE | U77: synced
A78: 46209 | B78: GWFI03 | C78: {=_xlfn.XLOOKUP(B78, DB[samplingPoint], DB[samplingTag])} -> SV217.01 | D78: PQ3-Day1 | E78: WP-26-0105 | F78: TRUE | G78: {=_xlfn.XLOOKUP($B78, DB[samplingPoint], DB[noLocation])} -> 16-2-010 | H78: Building 16 | I78: {=_xlfn.XLOOKUP($B78, DB[samplingPoint], DB[location])} -> RETURN LOOP | J78: {=_xlfn.XLOOKUP($B78, DB[samplingPoint], DB[waterType])} -> WFI | K78: =$A78+1 -> 46210 | L78: 46213 | M78: 0 | N78: =iferror(ROUNDUP(AVERAGE($M78), 0),"") -> 0 | R78: =iferror(ifs($N78>Q78, "NOT-PASSED", N78<=Q78, "PASSED"), "NA") -> PASSED | S78: FALSE | U78: synced
A79: 46209 | B79: WFI07 | C79: {=_xlfn.XLOOKUP(B79, DB[samplingPoint], DB[samplingTag])} -> SV216.02 | D79: PQ3-Day1 | E79: WP-26-0105 | F79: TRUE | G79: {=_xlfn.XLOOKUP($B79, DB[samplingPoint], DB[noLocation])} -> 16-1-098 | H79: Building 16 | I79: {=_xlfn.XLOOKUP($B79, DB[samplingPoint], DB[location])} -> CIP/SIP | J79: {=_xlfn.XLOOKUP($B79, DB[samplingPoint], DB[waterType])} -> WFI | K79: =$A79+1 -> 46210 | L79: 46213 | M79: 0 | N79: =iferror(ROUNDUP(AVERAGE($M79), 0),"") -> 0 | R79: =iferror(ifs($N79>Q79, "NOT-PASSED", N79<=Q79, "PASSED"), "NA") -> PASSED | S79: FALSE | U79: synced
A80: 46209 | B80: WFI08 | C80: {=_xlfn.XLOOKUP(B80, DB[samplingPoint], DB[samplingTag])} -> SV216.04 | D80: PQ3-Day1 | E80: WP-26-0105 | F80: TRUE | G80: {=_xlfn.XLOOKUP($B80, DB[samplingPoint], DB[noLocation])} -> 16-1-098 | H80: Building 16 | I80: {=_xlfn.XLOOKUP($B80, DB[samplingPoint], DB[location])} -> CIP/SIP | J80: {=_xlfn.XLOOKUP($B80, DB[samplingPoint], DB[waterType])} -> WFI | K80: =$A80+1 -> 46210 | L80: 46213 | M80: 0 | N80: =iferror(ROUNDUP(AVERAGE($M80), 0),"") -> 0 | R80: =iferror(ifs($N80>Q80, "NOT-PASSED", N80<=Q80, "PASSED"), "NA") -> PASSED | S80: FALSE | U80: synced
A81: 46210 | B81: WFI03 | C81: {=_xlfn.XLOOKUP(B81, DB[samplingPoint], DB[samplingTag])} -> SV216.03 | D81: PQ3-Day2 | E81: WP-26-0106 | F81: TRUE | G81: {=_xlfn.XLOOKUP($B81, DB[samplingPoint], DB[noLocation])} -> 16-1-096 | H81: Building 16 | I81: {=_xlfn.XLOOKUP($B81, DB[samplingPoint], DB[location])} -> WASHING/TUNNEL-02 | J81: {=_xlfn.XLOOKUP($B81, DB[samplingPoint], DB[waterType])} -> WFI | K81: =$A81+0 -> 46210 | L81: 46213 | M81: 0 | N81: =iferror(ROUNDUP(AVERAGE($M81), 0),"") -> 0 | R81: =iferror(ifs($N81>Q81, "NOT-PASSED", N81<=Q81, "PASSED"), "NA") -> PASSED | S81: FALSE | U81: synced
A82: 46210 | B82: WFI04 | C82: {=_xlfn.XLOOKUP(B82, DB[samplingPoint], DB[samplingTag])} -> POU HE216.03 | D82: PQ3-Day2 | E82: WP-26-0106 | F82: TRUE | G82: {=_xlfn.XLOOKUP($B82, DB[samplingPoint], DB[noLocation])} -> 16-1-082 | H82: Building 16 | I82: {=_xlfn.XLOOKUP($B82, DB[samplingPoint], DB[location])} -> WASHING | J82: {=_xlfn.XLOOKUP($B82, DB[samplingPoint], DB[waterType])} -> WFI | K82: =$A82+0 -> 46210 | L82: 46213 | M82: 0 | N82: =iferror(ROUNDUP(AVERAGE($M82), 0),"") -> 0 | R82: =iferror(ifs($N82>Q82, "NOT-PASSED", N82<=Q82, "PASSED"), "NA") -> PASSED | S82: FALSE | U82: synced
A83: 46210 | B83: WFI05 | C83: {=_xlfn.XLOOKUP(B83, DB[samplingPoint], DB[samplingTag])} -> SV216.06 | D83: PQ3-Day2 | E83: WP-26-0106 | F83: TRUE | G83: {=_xlfn.XLOOKUP($B83, DB[samplingPoint], DB[noLocation])} -> 16-1-082 | H83: Building 16 | I83: {=_xlfn.XLOOKUP($B83, DB[samplingPoint], DB[location])} -> WASHING | J83: {=_xlfn.XLOOKUP($B83, DB[samplingPoint], DB[waterType])} -> WFI | K83: =$A83+0 -> 46210 | L83: 46213 | M83: 0 | N83: =iferror(ROUNDUP(AVERAGE($M83), 0),"") -> 0 | R83: =iferror(ifs($N83>Q83, "NOT-PASSED", N83<=Q83, "PASSED"), "NA") -> PASSED | S83: FALSE | U83: synced
A84: 46211 | B84: WFI01 | C84: {=_xlfn.XLOOKUP(B84, DB[samplingPoint], DB[samplingTag])} -> POU HE216.01 | D84: PQ3-Day3 | E84: WP-26-0107 | F84: TRUE | G84: {=_xlfn.XLOOKUP($B84, DB[samplingPoint], DB[noLocation])} -> 16-1-107 | H84: Building 16 | I84: {=_xlfn.XLOOKUP($B84, DB[samplingPoint], DB[location])} -> COMPOUNDING-01 | J84: {=_xlfn.XLOOKUP($B84, DB[samplingPoint], DB[waterType])} -> WFI | K84: =$A84+1 -> 46212 | L84: 46215 | M84: 0 | N84: =iferror(ROUNDUP(AVERAGE($M84), 0),"") -> 0 | R84: =iferror(ifs($N84>Q84, "NOT-PASSED", N84<=Q84, "PASSED"), "NA") -> PASSED | S84: FALSE | U84: synced
A85: 46211 | B85: WFI02 | C85: {=_xlfn.XLOOKUP(B85, DB[samplingPoint], DB[samplingTag])} -> POU HE216.02 | D85: PQ3-Day3 | E85: WP-26-0107 | F85: TRUE | G85: {=_xlfn.XLOOKUP($B85, DB[samplingPoint], DB[noLocation])} -> 16-1-107 | H85: Building 16 | I85: {=_xlfn.XLOOKUP($B85, DB[samplingPoint], DB[location])} -> COMPOUNDING-01 | J85: {=_xlfn.XLOOKUP($B85, DB[samplingPoint], DB[waterType])} -> WFI | K85: =$A85+1 -> 46212 | L85: 46215 | M85: 0 | N85: =iferror(ROUNDUP(AVERAGE($M85), 0),"") -> 0 | R85: =iferror(ifs($N85>Q85, "NOT-PASSED", N85<=Q85, "PASSED"), "NA") -> PASSED | S85: FALSE | U85: synced
A86: 46212 | B86: WFI06 | C86: {=_xlfn.XLOOKUP(B86, DB[samplingPoint], DB[samplingTag])} -> SV216.05 | D86: PQ3-Day4 | E86: WP-26-0108 | F86: TRUE | G86: {=_xlfn.XLOOKUP($B86, DB[samplingPoint], DB[noLocation])} -> 16-1-110 | H86: Building 16 | I86: {=_xlfn.XLOOKUP($B86, DB[samplingPoint], DB[location])} -> DISINFECTANT PREPARATION | J86: {=_xlfn.XLOOKUP($B86, DB[samplingPoint], DB[waterType])} -> WFI | K86: =$A86+0 -> 46212 | L86: 46215 | M86: 0 | N86: =iferror(ROUNDUP(AVERAGE($M86), 0),"") -> 0 | R86: =iferror(ifs($N86>Q86, "NOT-PASSED", N86<=Q86, "PASSED"), "NA") -> PASSED | S86: FALSE | U86: synced
A87: 46212 | B87: WFI09 | C87: {=_xlfn.XLOOKUP(B87, DB[samplingPoint], DB[samplingTag])} -> SV216.10 | D87: PQ3-Day4 | E87: WP-26-0108 | F87: TRUE | G87: {=_xlfn.XLOOKUP($B87, DB[samplingPoint], DB[noLocation])} -> 16-1-105 | H87: Building 16 | I87: {=_xlfn.XLOOKUP($B87, DB[samplingPoint], DB[location])} -> WASHING/TUNNEL-01 | J87: {=_xlfn.XLOOKUP($B87, DB[samplingPoint], DB[waterType])} -> WFI | K87: =$A87+0 -> 46212 | L87: 46215 | M87: 0 | N87: =iferror(ROUNDUP(AVERAGE($M87), 0),"") -> 0 | R87: =iferror(ifs($N87>Q87, "NOT-PASSED", N87<=Q87, "PASSED"), "NA") -> PASSED | S87: FALSE | U87: synced
A88: 46213 | B88: WFI10 | C88: {=_xlfn.XLOOKUP(B88, DB[samplingPoint], DB[samplingTag])} -> POU HE216.04 | D88: PQ3-Day5 | E88: WP-26-0109 | F88: TRUE | G88: {=_xlfn.XLOOKUP($B88, DB[samplingPoint], DB[noLocation])} -> 16-1-114 | H88: Building 16 | I88: {=_xlfn.XLOOKUP($B88, DB[samplingPoint], DB[location])} -> COMPOUNDING-02 | J88: {=_xlfn.XLOOKUP($B88, DB[samplingPoint], DB[waterType])} -> WFI | K88: =$A88+1 -> 46214 | L88: 46217 | M88: 0 | N88: 0 | R88: =iferror(ifs($N88>Q88, "NOT-PASSED", N88<=Q88, "PASSED"), "NA") -> PASSED | S88: FALSE | U88: synced
A89: 46213 | B89: WFI11 | C89: {=_xlfn.XLOOKUP(B89, DB[samplingPoint], DB[samplingTag])} -> POU HE216.05 | D89: PQ3-Day5 | E89: WP-26-0109 | F89: TRUE | G89: {=_xlfn.XLOOKUP($B89, DB[samplingPoint], DB[noLocation])} -> 16-1-114 | H89: Building 16 | I89: {=_xlfn.XLOOKUP($B89, DB[samplingPoint], DB[location])} -> COMPOUNDING-02 | J89: {=_xlfn.XLOOKUP($B89, DB[samplingPoint], DB[waterType])} -> WFI | K89: =$A89+1 -> 46214 | L89: 46217 | M89: 0 | N89: =iferror(ROUNDUP(AVERAGE($M89), 0),"") -> 0 | R89: =iferror(ifs($N89>Q89, "NOT-PASSED", N89<=Q89, "PASSED"), "NA") -> PASSED | S89: FALSE | U89: synced
A90: 46216 | B90: GWFI01 | C90: {=_xlfn.XLOOKUP(B90, database!$A$2:$A$150, database!$B$2:$B$150)} -> V12-4 | D90: PQ3-Day1 | E90: WP-26-0110 | F90: TRUE | G90: {=_xlfn.XLOOKUP($B90, DB[samplingPoint], DB[noLocation])} -> 16-2-010 | H90: Building 16 | I90: {=_xlfn.XLOOKUP($B90, DB[samplingPoint], DB[location])} -> AFTER WFI GENERATOR | J90: {=_xlfn.XLOOKUP($B90, DB[samplingPoint], DB[waterType])} -> WFI | K90: =$A90+1 -> 46217 | L90: 46220 | M90: 0 | N90: =iferror(ROUNDUP(AVERAGE($M90), 0),"") -> 0 | R90: =iferror(ifs($N90>Q90, "NOT-PASSED", N90<=Q90, "PASSED"), "NA") -> PASSED | S90: FALSE | U90: synced
A91: 46216 | B91: GWFI02 | C91: {=_xlfn.XLOOKUP(B91, database!$A$2:$A$150, database!$B$2:$B$150)} -> SV213.01 | D91: PQ3-Day1 | E91: WP-26-0110 | F91: TRUE | G91: {=_xlfn.XLOOKUP($B91, DB[samplingPoint], DB[noLocation])} -> 16-2-010 | H91: Building 16 | I91: {=_xlfn.XLOOKUP($B91, DB[samplingPoint], DB[location])} -> AFTER STORAGE TANK | J91: {=_xlfn.XLOOKUP($B91, DB[samplingPoint], DB[waterType])} -> WFI | K91: =$A91+1 -> 46217 | L91: 46220 | M91: 0 | N91: =iferror(ROUNDUP(AVERAGE($M91), 0),"") -> 0 | R91: =iferror(ifs($N91>Q91, "NOT-PASSED", N91<=Q91, "PASSED"), "NA") -> PASSED | S91: FALSE | U91: synced
A92: 46216 | B92: GWFI03 | C92: {=_xlfn.XLOOKUP(B92, database!$A$2:$A$150, database!$B$2:$B$150)} -> SV217.01 | D92: PQ3-Day1 | E92: WP-26-0110 | F92: TRUE | G92: {=_xlfn.XLOOKUP($B92, DB[samplingPoint], DB[noLocation])} -> 16-2-010 | H92: Building 16 | I92: {=_xlfn.XLOOKUP($B92, DB[samplingPoint], DB[location])} -> RETURN LOOP | J92: {=_xlfn.XLOOKUP($B92, DB[samplingPoint], DB[waterType])} -> WFI | K92: =$A92+1 -> 46217 | L92: 46220 | M92: 0 | N92: =iferror(ROUNDUP(AVERAGE($M92), 0),"") -> 0 | R92: =iferror(ifs($N92>Q92, "NOT-PASSED", N92<=Q92, "PASSED"), "NA") -> PASSED | S92: FALSE | U92: synced
A93: 46216 | B93: WFI07 | C93: {=_xlfn.XLOOKUP(B93, database!$A$2:$A$150, database!$B$2:$B$150)} -> SV216.02 | D93: PQ3-Day1 | E93: WP-26-0110 | F93: TRUE | G93: {=_xlfn.XLOOKUP($B93, DB[samplingPoint], DB[noLocation])} -> 16-1-098 | H93: Building 16 | I93: {=_xlfn.XLOOKUP($B93, DB[samplingPoint], DB[location])} -> CIP/SIP | J93: {=_xlfn.XLOOKUP($B93, DB[samplingPoint], DB[waterType])} -> WFI | K93: =$A93+1 -> 46217 | L93: 46220 | M93: 0 | N93: =iferror(ROUNDUP(AVERAGE($M93), 0),"") -> 0 | R93: =iferror(ifs($N93>Q93, "NOT-PASSED", N93<=Q93, "PASSED"), "NA") -> PASSED | S93: FALSE | U93: synced
A94: 46216 | B94: WFI08 | C94: {=_xlfn.XLOOKUP(B94, database!$A$2:$A$150, database!$B$2:$B$150)} -> SV216.04 | D94: PQ3-Day1 | E94: WP-26-0110 | F94: TRUE | G94: {=_xlfn.XLOOKUP($B94, DB[samplingPoint], DB[noLocation])} -> 16-1-098 | H94: Building 16 | I94: {=_xlfn.XLOOKUP($B94, DB[samplingPoint], DB[location])} -> CIP/SIP | J94: {=_xlfn.XLOOKUP($B94, DB[samplingPoint], DB[waterType])} -> WFI | K94: =$A94+1 -> 46217 | L94: 46220 | M94: 0 | N94: =iferror(ROUNDUP(AVERAGE($M94), 0),"") -> 0 | R94: =iferror(ifs($N94>Q94, "NOT-PASSED", N94<=Q94, "PASSED"), "NA") -> PASSED | S94: FALSE | U94: synced
A95: 46217 | B95: WFI03 | C95: {=_xlfn.XLOOKUP(B95, database!$A$2:$A$150, database!$B$2:$B$150)} -> SV216.03 | D95: PQ3-Day2 | E95: WP-26-0111 | F95: TRUE | G95: {=_xlfn.XLOOKUP($B95, DB[samplingPoint], DB[noLocation])} -> 16-1-096 | H95: Building 16 | I95: {=_xlfn.XLOOKUP($B95, DB[samplingPoint], DB[location])} -> WASHING/TUNNEL-02 | J95: {=_xlfn.XLOOKUP($B95, DB[samplingPoint], DB[waterType])} -> WFI | K95: =$A95+2 -> 46219 | L95: 46222 | M95: 0 | N95: =iferror(ROUNDUP(AVERAGE($M95), 0),"") -> 0 | R95: =iferror(ifs($N95>Q95, "NOT-PASSED", N95<=Q95, "PASSED"), "NA") -> PASSED | S95: FALSE | U95: synced
A96: 46217 | B96: WFI04 | C96: {=_xlfn.XLOOKUP(B96, database!$A$2:$A$150, database!$B$2:$B$150)} -> POU HE216.03 | D96: PQ3-Day2 | E96: WP-26-0111 | F96: TRUE | G96: {=_xlfn.XLOOKUP($B96, DB[samplingPoint], DB[noLocation])} -> 16-1-082 | H96: Building 16 | I96: {=_xlfn.XLOOKUP($B96, DB[samplingPoint], DB[location])} -> WASHING | J96: {=_xlfn.XLOOKUP($B96, DB[samplingPoint], DB[waterType])} -> WFI | K96: =$A96+2 -> 46219 | L96: 46222 | M96: 0 | N96: =iferror(ROUNDUP(AVERAGE($M96), 0),"") -> 0 | R96: =iferror(ifs($N96>Q96, "NOT-PASSED", N96<=Q96, "PASSED"), "NA") -> PASSED | S96: FALSE | U96: synced
A97: 46217 | B97: WFI05 | C97: {=_xlfn.XLOOKUP(B97, database!$A$2:$A$150, database!$B$2:$B$150)} -> SV216.06 | D97: PQ3-Day2 | E97: WP-26-0111 | F97: TRUE | G97: {=_xlfn.XLOOKUP($B97, DB[samplingPoint], DB[noLocation])} -> 16-1-082 | H97: Building 16 | I97: {=_xlfn.XLOOKUP($B97, DB[samplingPoint], DB[location])} -> WASHING | J97: {=_xlfn.XLOOKUP($B97, DB[samplingPoint], DB[waterType])} -> WFI | K97: =$A97+2 -> 46219 | L97: 46222 | M97: 0 | N97: =iferror(ROUNDUP(AVERAGE($M97), 0),"") -> 0 | R97: =iferror(ifs($N97>Q97, "NOT-PASSED", N97<=Q97, "PASSED"), "NA") -> PASSED | S97: FALSE | U97: synced
A98: 46218 | B98: WFI01 | C98: {=_xlfn.XLOOKUP(B98, database!$A$2:$A$150, database!$B$2:$B$150)} -> POU HE216.01 | D98: PQ3-Day3 | E98: WP-26-0112 | F98: TRUE | G98: {=_xlfn.XLOOKUP($B98, DB[samplingPoint], DB[noLocation])} -> 16-1-107 | H98: Building 16 | I98: {=_xlfn.XLOOKUP($B98, DB[samplingPoint], DB[location])} -> COMPOUNDING-01 | J98: {=_xlfn.XLOOKUP($B98, DB[samplingPoint], DB[waterType])} -> WFI | K98: =$A98+1 -> 46219 | L98: 46222 | M98: 0 | N98: =iferror(ROUNDUP(AVERAGE($M98), 0),"") -> 0 | R98: =iferror(ifs($N98>Q98, "NOT-PASSED", N98<=Q98, "PASSED"), "NA") -> PASSED | S98: FALSE | U98: synced
A99: 46218 | B99: WFI02 | C99: {=_xlfn.XLOOKUP(B99, database!$A$2:$A$150, database!$B$2:$B$150)} -> POU HE216.02 | D99: PQ3-Day3 | E99: WP-26-0112 | F99: TRUE | G99: {=_xlfn.XLOOKUP($B99, DB[samplingPoint], DB[noLocation])} -> 16-1-107 | H99: Building 16 | I99: {=_xlfn.XLOOKUP($B99, DB[samplingPoint], DB[location])} -> COMPOUNDING-01 | J99: {=_xlfn.XLOOKUP($B99, DB[samplingPoint], DB[waterType])} -> WFI | K99: =$A99+1 -> 46219 | L99: 46222 | M99: 0 | N99: =iferror(ROUNDUP(AVERAGE($M99), 0),"") -> 0 | R99: =iferror(ifs($N99>Q99, "NOT-PASSED", N99<=Q99, "PASSED"), "NA") -> PASSED | S99: FALSE | U99: synced
A100: 46219 | B100: WFI06 | C100: {=_xlfn.XLOOKUP(B100, database!$A$2:$A$150, database!$B$2:$B$150)} -> SV216.05 | D100: PQ3-Day4 | E100: WP-26-0113 | F100: TRUE | G100: {=_xlfn.XLOOKUP($B100, DB[samplingPoint], DB[noLocation])} -> 16-1-110 | H100: Building 16 | I100: {=_xlfn.XLOOKUP($B100, DB[samplingPoint], DB[location])} -> DISINFECTANT PREPARATION | J100: {=_xlfn.XLOOKUP($B100, DB[samplingPoint], DB[waterType])} -> WFI | K100: =$A100+2 -> 46221 | L100: 46224 | M100: 0 | N100: =iferror(ROUNDUP(AVERAGE($M100), 0),"") -> 0 | R100: =iferror(ifs($N100>Q100, "NOT-PASSED", N100<=Q100, "PASSED"), "NA") -> PASSED | S100: FALSE | U100: synced
...

Sheet _rpp2_registry
A1: worksheetNo | B1: rpp2Sheet | C1: sourceSheet | D1: updatedAt
A2: WT-26-0073 | B2: records_pw_prw | C2: prw-pw | D2: 2026-06-10T01:27:43.887Z
A3: WT-26-0074 | B3: records_pw_prw | C3: prw-pw | D3: 2026-07-10T09:03:33.159Z
A4: WT-26-0075 | B4: records_pw_prw | C4: prw-pw | D4: 2026-07-10T09:03:37.983Z
A5: WT-26-0076 | B5: records_pw_prw | C5: prw-pw | D5: 2026-06-10T06:41:12.687Z
A6: WT-26-0077 | B6: records_pw_prw | C6: prw-pw | D6: 2026-08-07T01:39:51.882Z
A7: WT-26-0078 | B7: records_pw_prw | C7: prw-pw | D7: 2026-06-10T06:41:19.852Z
A8: WT-26-0079 | B8: records_pw_prw | C8: prw-pw | D8: 2026-06-10T06:41:23.742Z
A9: WT-26-0080 | B9: records_pw_prw | C9: prw-pw | D9: 2026-06-11T03:43:51.141Z
A10: WT-26-0081 | B10: records_pw_prw | C10: prw-pw | D10: 2026-07-10T09:03:42.399Z
A11: WT-26-0070 | B11: records_pw_prw | C11: prw-pw | D11: 2026-07-10T09:03:27.694Z
A12: WT-26-0071 | B12: records_pw_prw | C12: prw-pw | D12: 2026-06-09T08:57:15.207Z
... A137: WP-26-0141 | B137: records_wfi | C137: wfi-pus | D137: 2026-09-03T02:24:29.003Z

Sheet Backup prw-pw
A1: samplingDate | B1: samplingPoint | C1: samplingTag | D1: recordStatus | E1: worksheetCreate | F1: noLocation | G1: building | H1: location | I1: waterType | J1: performedDate | K1: determinedDate | L1: result1 | M1: result2 | N1: resultAvg | O1: comment | P1: criteria | Q1: statusResult | R1: Exclude | S1: worksheet No. | T1: status | U1: syncStatus
A2: 46028 | B2: OLD29 | C2: {=_xlfn.XLOOKUP(B2, DB[samplingPoint], DB[samplingTag])} -> DV136.05 | D2: PQ3-Week1 | E2: TRUE | F2: {=_xlfn.XLOOKUP($B2, DB[samplingPoint], DB[noLocation])} -> 12-3-037 | G2: {=_xlfn.XLOOKUP($B2, DB[samplingPoint], DB[building])} -> Building 12 | H2: {=_xlfn.XLOOKUP($B2, DB[samplingPoint], DB[location])} -> GLASSWARE WASHING 1 | I2: {=_xlfn.XLOOKUP($B2, DB[samplingPoint], DB[waterType])} -> PW | J2: =$A2+1 -> 46029 | K2: 46032 | L2: 0 | M2: 0 | N2: =ROUNDUP(AVERAGE($L2:$M2), 0) -> 0 | O2: NA | P2: {=_xlfn.XLOOKUP($B2, DB[samplingPoint], DB[Criteria])} -> 100 | Q2: =iferror(ifs($N2>P2, "NOT-PASSED", N2<=P2, "PASSED"), "NA") -> PASSED | R2: FALSE | S2: WT-26-0001 | T2: {=if(S2:S854="", "pending", "complete")} -> complete | U2: pending
A3: 46028 | B3: OLD30 | C3: {=_xlfn.XLOOKUP(B3, DB[samplingPoint], DB[samplingTag])} -> DV136.06 | D3: PQ3-Week1 | E3: TRUE | F3: {=_xlfn.XLOOKUP($B3, DB[samplingPoint], DB[noLocation])} -> 12-3-037 | G3: {=_xlfn.XLOOKUP($B3, DB[samplingPoint], DB[building])} -> Building 12 | H3: {=_xlfn.XLOOKUP($B3, DB[samplingPoint], DB[location])} -> GLASSWARE WASHING 1 | I3: {=_xlfn.XLOOKUP($B3, DB[samplingPoint], DB[waterType])} -> PW | J3: =$A3+1 -> 46029 | K3: 46032 | L3: 0 | M3: 0 | N3: =ROUNDUP(AVERAGE($L3:$M3), 0) -> 0 | O3: NA | P3: {=_xlfn.XLOOKUP($B3, DB[samplingPoint], DB[Criteria])} -> 100 | Q3: =iferror(ifs($N3>P3, "NOT-PASSED", N3<=P3, "PASSED"), "NA") -> PASSED | R3: FALSE | S3: WT-26-0001 | T3: complete | U3: pending
A4: 46028 | B4: OLD26 | C4: {=_xlfn.XLOOKUP(B4, DB[samplingPoint], DB[samplingTag])} -> DV136.10 | D4: PQ3-Week1 | E4: TRUE | F4: {=_xlfn.XLOOKUP($B4, DB[samplingPoint], DB[noLocation])} -> 12-3-056 | G4: {=_xlfn.XLOOKUP($B4, DB[samplingPoint], DB[building])} -> Building 12 | H4: {=_xlfn.XLOOKUP($B4, DB[samplingPoint], DB[location])} -> MEDIA PREPARATION | I4: {=_xlfn.XLOOKUP($B4, DB[samplingPoint], DB[waterType])} -> PW | J4: =$A4+1 -> 46029 | K4: 46032 | L4: 0 | M4: 0 | N4: =ROUNDUP(AVERAGE($L4:$M4), 0) -> 0 | O4: NA | P4: {=_xlfn.XLOOKUP($B4, DB[samplingPoint], DB[Criteria])} -> 100 | Q4: =iferror(ifs($N4>P4, "NOT-PASSED", N4<=P4, "PASSED"), "NA") -> PASSED | R4: FALSE | S4: WT-26-0001 | T4: complete | U4: pending
A5: 46028 | B5: OLD24 | C5: {=_xlfn.XLOOKUP(B5, DB[samplingPoint], DB[samplingTag])} -> DV136.11 | D5: PQ3-Week1 | E5: TRUE | F5: {=_xlfn.XLOOKUP($B5, DB[samplingPoint], DB[noLocation])} -> 12-3-059 | G5: {=_xlfn.XLOOKUP($B5, DB[samplingPoint], DB[building])} -> Building 12 | H5: {=_xlfn.XLOOKUP($B5, DB[samplingPoint], DB[location])} -> AUTOCLAVE | I5: {=_xlfn.XLOOKUP($B5, DB[samplingPoint], DB[waterType])} -> PW | J5: =$A5+1 -> 46029 | K5: 46032 | L5: 0 | M5: 0 | N5: =ROUNDUP(AVERAGE($L5:$M5), 0) -> 0 | O5: NA | P5: {=_xlfn.XLOOKUP($B5, DB[samplingPoint], DB[Criteria])} -> 100 | Q5: =iferror(ifs($N5>P5, "NOT-PASSED", N5<=P5, "PASSED"), "NA") -> PASSED | R5: FALSE | S5: WT-26-0001 | T5: complete | U5: pending
A6: 46028 | B6: OLD25 | C6: {=_xlfn.XLOOKUP(B6, DB[samplingPoint], DB[samplingTag])} -> DV136.12 | D6: PQ3-Week1 | E6: TRUE | F6: {=_xlfn.XLOOKUP($B6, DB[samplingPoint], DB[noLocation])} -> 12-3-056 | G6: {=_xlfn.XLOOKUP($B6, DB[samplingPoint], DB[building])} -> Building 12 | H6: {=_xlfn.XLOOKUP($B6, DB[samplingPoint], DB[location])} -> MEDIA PREPARATION | I6: {=_xlfn.XLOOKUP($B6, DB[samplingPoint], DB[waterType])} -> PW | J6: =$A6+1 -> 46029 | K6: 46032 | L6: 0 | M6: 0 | N6: =ROUNDUP(AVERAGE($L6:$M6), 0) -> 0 | O6: NA | P6: {=_xlfn.XLOOKUP($B6, DB[samplingPoint], DB[Criteria])} -> 100 | Q6: =iferror(ifs($N6>P6, "NOT-PASSED", N6<=P6, "PASSED"), "NA") -> PASSED | R6: FALSE | S6: WT-26-0001 | T6: complete | U6: pending
A7: 46028 | B7: OLD22 | C7: {=_xlfn.XLOOKUP(B7, DB[samplingPoint], DB[samplingTag])} -> DV136.13 | D7: PQ3-Week1 | E7: TRUE | F7: {=_xlfn.XLOOKUP($B7, DB[samplingPoint], DB[noLocation])} -> 12-3-057 | G7: {=_xlfn.XLOOKUP($B7, DB[samplingPoint], DB[building])} -> Building 12 | H7: {=_xlfn.XLOOKUP($B7, DB[samplingPoint], DB[location])} -> STERILIZATION | I7: {=_xlfn.XLOOKUP($B7, DB[samplingPoint], DB[waterType])} -> PW | J7: =$A7+1 -> 46029 | K7: 46032 | L7: 0 | M7: 0 | N7: =ROUNDUP(AVERAGE($L7:$M7), 0) -> 0 | O7: NA | P7: {=_xlfn.XLOOKUP($B7, DB[samplingPoint], DB[Criteria])} -> 100 | Q7: =iferror(ifs($N7>P7, "NOT-PASSED", N7<=P7, "PASSED"), "NA") -> PASSED | R7: FALSE | S7: WT-26-0001 | T7: complete | U7: pending
A8: 46028 | B8: OLD27 | C8: {=_xlfn.XLOOKUP(B8, DB[samplingPoint], DB[samplingTag])} -> DV136.14 | D8: PQ3-Week1 | E8: TRUE | F8: {=_xlfn.XLOOKUP($B8, DB[samplingPoint], DB[noLocation])} -> 12-3-074 | G8: {=_xlfn.XLOOKUP($B8, DB[samplingPoint], DB[building])} -> Building 12 | H8: {=_xlfn.XLOOKUP($B8, DB[samplingPoint], DB[location])} -> DECONTAMINATION | I8: {=_xlfn.XLOOKUP($B8, DB[samplingPoint], DB[waterType])} -> PW | J8: =$A8+1 -> 46029 | K8: 46032 | L8: 0 | M8: 0 | N8: =ROUNDUP(AVERAGE($L8:$M8), 0) -> 0 | O8: NA | P8: {=_xlfn.XLOOKUP($B8, DB[samplingPoint], DB[Criteria])} -> 100 | Q8: =iferror(ifs($N8>P8, "NOT-PASSED", N8<=P8, "PASSED"), "NA") -> PASSED | R8: FALSE | S8: WT-26-0001 | T8: complete | U8: pending
A9: 46028 | B9: OLD21 | C9: {=_xlfn.XLOOKUP(B9, DB[samplingPoint], DB[samplingTag])} -> DV136.15 | D9: PQ3-Week1 | E9: TRUE | F9: {=_xlfn.XLOOKUP($B9, DB[samplingPoint], DB[noLocation])} -> 12-3-078 | G9: {=_xlfn.XLOOKUP($B9, DB[samplingPoint], DB[building])} -> Building 12 | H9: {=_xlfn.XLOOKUP($B9, DB[samplingPoint], DB[location])} -> GLASSWARE WASHING 2 | I9: {=_xlfn.XLOOKUP($B9, DB[samplingPoint], DB[waterType])} -> PW | J9: =$A9+1 -> 46029 | K9: 46032 | L9: 0 | M9: 0 | N9: =ROUNDUP(AVERAGE($L9:$M9), 0) -> 0 | O9: NA | P9: {=_xlfn.XLOOKUP($B9, DB[samplingPoint], DB[Criteria])} -> 100 | Q9: =iferror(ifs($N9>P9, "NOT-PASSED", N9<=P9, "PASSED"), "NA") -> PASSED | R9: FALSE | S9: WT-26-0001 | T9: complete | U9: pending
A10: 46028 | B10: OLD28 | C10: {=_xlfn.XLOOKUP(B10, DB[samplingPoint], DB[samplingTag])} -> DV136.18 | D10: PQ3-Week1 | E10: TRUE | F10: {=_xlfn.XLOOKUP($B10, DB[samplingPoint], DB[noLocation])} -> 12-3-037 | G10: {=_xlfn.XLOOKUP($B10, DB[samplingPoint], DB[building])} -> Building 12 | H10: {=_xlfn.XLOOKUP($B10, DB[samplingPoint], DB[location])} -> GLASSWARE WASHING 1 | I10: {=_xlfn.XLOOKUP($B10, DB[samplingPoint], DB[waterType])} -> PW | J10: =$A10+1 -> 46029 | K10: 46032 | L10: 0 | M10: 0 | N10: =ROUNDUP(AVERAGE($L10:$M10), 0) -> 0 | O10: NA | P10: {=_xlfn.XLOOKUP($B10, DB[samplingPoint], DB[Criteria])} -> 100 | Q10: =iferror(ifs($N10>P10, "NOT-PASSED", N10<=P10, "PASSED"), "NA") -> PASSED | R10: FALSE | S10: WT-26-0001 | T10: complete | U10: pending
A11: 46028 | B11: OLD23 | C11: {=_xlfn.XLOOKUP(B11, DB[samplingPoint], DB[samplingTag])} -> SV136.18 | D11: PQ3-Week1 | E11: TRUE | F11: {=_xlfn.XLOOKUP($B11, DB[samplingPoint], DB[noLocation])} -> 12-3-059 | G11: {=_xlfn.XLOOKUP($B11, DB[samplingPoint], DB[building])} -> Building 12 | H11: {=_xlfn.XLOOKUP($B11, DB[samplingPoint], DB[location])} -> AUTOCLAVE | I11: {=_xlfn.XLOOKUP($B11, DB[samplingPoint], DB[waterType])} -> PW | J11: =$A11+1 -> 46029 | K11: 46032 | L11: 0 | M11: 0 | N11: =ROUNDUP(AVERAGE($L11:$M11), 0) -> 0 | O11: NA | P11: {=_xlfn.XLOOKUP($B11, DB[samplingPoint], DB[Criteria])} -> 100 | Q11: =iferror(ifs($N11>P11, "NOT-PASSED", N11<=P11, "PASSED"), "NA") -> PASSED | R11: FALSE | S11: WT-26-0001 | T11: complete | U11: pending
A12: 46028 | B12: GOLD07 | C12: {=_xlfn.XLOOKUP(B12, DB[samplingPoint], DB[samplingTag])} -> SV137.01 | D12: PQ3-Week1 | E12: TRUE | F12: {=_xlfn.XLOOKUP($B12, DB[samplingPoint], DB[noLocation])} -> WATER SYSTEM (B12) | G12: {=_xlfn.XLOOKUP($B12, DB[samplingPoint], DB[building])} -> Building 12 | H12: {=_xlfn.XLOOKUP($B12, DB[samplingPoint], DB[location])} -> Return loop (B12) | I12: {=_xlfn.XLOOKUP($B12, DB[samplingPoint], DB[waterType])} -> PW | J12: =$A12+1 -> 46029 | K12: 46032 | L12: 0 | M12: 0 | N12: =ROUNDUP(AVERAGE($L12:$M12), 0) -> 0 | O12: NA | P12: {=_xlfn.XLOOKUP($B12, DB[samplingPoint], DB[Criteria])} -> 100 | Q12: =iferror(ifs($N12>P12, "NOT-PASSED", N12<=P12, "PASSED"), "NA") -> PASSED | R12: FALSE | S12: WT-26-0001 | T12: complete | U12: pending
A13: 46028 | B13: GOLD03 | C13: {=_xlfn.XLOOKUP(B13, DB[samplingPoint], DB[samplingTag])} -> V50-11C (12) | D13: PQ3-Week1 | E13: TRUE | F13: {=_xlfn.XLOOKUP($B13, DB[samplingPoint], DB[noLocation])} -> WATER SYSTEM (B12) | G13: {=_xlfn.XLOOKUP($B13, DB[samplingPoint], DB[building])} -> Building 12 | H13: {=_xlfn.XLOOKUP($B13, DB[samplingPoint], DB[location])} -> After RO (Before EDI) (B12) | I13: {=_xlfn.XLOOKUP($B13, DB[samplingPoint], DB[waterType])} -> RO water | J13: =$A13+1 -> 46029 | K13: 46032 | L13: 0 | M13: 0 | N13: =ROUNDUP(AVERAGE($L13:$M13), 0) -> 0 | O13: NA | P13: {=_xlfn.XLOOKUP($B13, DB[samplingPoint], DB[Criteria])} -> 500 | Q13: =iferror(ifs($N13>P13, "NOT-PASSED", N13<=P13, "PASSED"), "NA") -> PASSED | R13: FALSE | S13: WT-26-0001 | T13: complete | U13: pending
A14: 46028 | B14: GOLD04 | C14: {=_xlfn.XLOOKUP(B14, DB[samplingPoint], DB[samplingTag])} -> V50-39 (12) | D14: PQ3-Week1 | E14: TRUE | F14: {=_xlfn.XLOOKUP($B14, DB[samplingPoint], DB[noLocation])} -> WATER SYSTEM (B12) | G14: {=_xlfn.XLOOKUP($B14, DB[samplingPoint], DB[building])} -> Building 12 | H14: {=_xlfn.XLOOKUP($B14, DB[samplingPoint], DB[location])} -> After EDI (B12) | I14: {=_xlfn.XLOOKUP($B14, DB[samplingPoint], DB[waterType])} -> PW | J14: =$A14+1 -> 46029 | K14: 46032 | L14: 0 | M14: 0 | N14: =ROUNDUP(AVERAGE($L14:$M14), 0) -> 0 | O14: NA | P14: {=_xlfn.XLOOKUP($B14, DB[samplingPoint], DB[Criteria])} -> 100 | Q14: =iferror(ifs($N14>P14, "NOT-PASSED", N14<=P14, "PASSED"), "NA") -> PASSED | R14: FALSE | S14: WT-26-0001 | T14: complete | U14: pending
... A230: 46066 | B230: GOSD08 | C230: {=_xlfn.XLOOKUP(B230, DB[samplingPoint], DB[samplingTag])} -> SV117.01 | D230: PQ3-Week2 | E230: TRUE | F230: {=_xlfn.XLOOKUP($B230, DB[samplingPoint], DB[noLocation])} -> WATER SYSTEM (B10) | G230: {=_xlfn.XLOOKUP($B230, DB[samplingPoint], DB[building])} -> Building 10 | H230: {=_xlfn.XLOOKUP($B230, DB[samplingPoint], DB[location])} -> Return loop (B10) | I230: {=_xlfn.XLOOKUP($B230, DB[samplingPoint], DB[waterType])} -> PW | J230: =$A230+1 -> 46067 | K230: 46070 | L230: 0 | M230: 0 | N230: =ROUNDUP(AVERAGE($L230:$M230), 0) -> 0 | O230: NA | P230: {=_xlfn.XLOOKUP($B230, DB[samplingPoint], DB[Criteria])} -> 100 | Q230: =iferror(ifs($N230>P230, "NOT-PASSED", N230<=P230, "PASSED"), "NA") -> PASSED | R230: FALSE | S230: WT-26-0022 | T230: complete | U230: pending
A231: 46070 | B231: OCL24 | C231: {=_xlfn.XLOOKUP(B231, DB[samplingPoint], DB[samplingTag])} -> DV126.04 | D231: PQ3-Week3 | E231: TRUE | F231: {=_xlfn.XLOOKUP($B231, DB[samplingPoint], DB[noLocation])} -> 16-2-010 | G231: Building 16 | H231: {=_xlfn.XLOOKUP($B231, DB[samplingPoint], DB[location])} -> WATER SYSTEM (PW) | I231: {=_xlfn.XLOOKUP($B231, DB[samplingPoint], DB[waterType])} -> PW | J231: =$A231+1 -> 46071 | K231: 46074 | L231: 0 | M231: 0 | N231: =ROUNDUP(AVERAGE($L231:$M231), 0) -> 0 | P231: {=_xlfn.XLOOKUP($B231, DB[samplingPoint], DB[Criteria])} -> 100 | Q231: =iferror(ifs($N231>P231, "NOT-PASSED", N231<=P231, "PASSED"), "NA") -> PASSED | R231: FALSE | S231: WT-26-0023 | T231: complete | U231: pending
A232: 46070 | B232: OCL08 | C232: {=_xlfn.XLOOKUP(B232, DB[samplingPoint], DB[samplingTag])} -> DV126.09 | D232: PQ3-Week3 | E232: TRUE | F232: {=_xlfn.XLOOKUP($B232, DB[samplingPoint], DB[noLocation])} -> 16-3-090 | G232: Building 16 | H232: {=_xlfn.XLOOKUP($B232, DB[samplingPoint], DB[location])} -> CIP 1 (ZINK WASHING) | I232: {=_xlfn.XLOOKUP($B232, DB[samplingPoint], DB[waterType])} -> PW | J232: =$A232+1 -> 46071 | K232: 46074 | L232: 0 | M232: 0 | N232: =ROUNDUP(AVERAGE($L232:$M232), 0) -> 0 | P232: {=_xlfn.XLOOKUP($B232, DB[samplingPoint], DB[Criteria])} -> 100 | Q232: =iferror(ifs($N232>P232, "NOT-PASSED", N232<=P232, "PASSED"), "NA") -> PASSED | R232: FALSE | S232: WT-26-0023 | T232: complete | U232: pending
A233: 46070 | B233: OCL20 | C233: {=_xlfn.XLOOKUP(B233, DB[samplingPoint], DB[samplingTag])} -> SV126.05 | D233: PQ3-Week3 | E233: TRUE | F233: {=_xlfn.XLOOKUP($B233, DB[samplingPoint], DB[noLocation])} -> 16-3-049 | G233: Building 16 | H233: {=_xlfn.XLOOKUP($B233, DB[samplingPoint], DB[location])} -> LINEN WASHING | I233: {=_xlfn.XLOOKUP($B233, DB[samplingPoint], DB[waterType])} -> PW | J233: =$A233+1 -> 46071 | K233: 46074 | L233: 0 | M233: 0 | N233: =ROUNDUP(AVERAGE($L233:$M233), 0) -> 0 | P233: {=_xlfn.XLOOKUP($B233, DB[samplingPoint], DB[Criteria])} -> 100 | Q233: =iferror(ifs($N233>P233, "NOT-PASSED", N233<=P233, "PASSED"), "NA") -> PASSED | R233: FALSE | S233: WT-26-0023 | T233: complete | U233: pending
A234: 46070 | B234: OCL06 | C234: {=_xlfn.XLOOKUP(B234, DB[samplingPoint], DB[samplingTag])} -> SV126.06 | D234: PQ3-Week3 | E234: TRUE | F234: {=_xlfn.XLOOKUP($B234, DB[samplingPoint], DB[noLocation])} -> 16-3-067 | G234: Building 16 | H234: {=_xlfn.XLOOKUP($B234, DB[samplingPoint], DB[location])} -> MFG 1 | I234: {=_xlfn.XLOOKUP($B234, DB[samplingPoint], DB[waterType])} -> PW | J234: =$A234+1 -> 46071 | K234: 46074 | L234: 0 | M234: 0 | N234: =ROUNDUP(AVERAGE($L234:$M234), 0) -> 0 | P234: {=_xlfn.XLOOKUP($B234, DB[samplingPoint], DB[Criteria])} -> 100 | Q234: =iferror(ifs($N234>P234, "NOT-PASSED", N234<=P234, "PASSED"), "NA") -> PASSED | R234: FALSE | S234: WT-26-0023 | T234: complete | U234: pending
A235: 46070 | B235: OCL16 | C235: {=_xlfn.XLOOKUP(B235, DB[samplingPoint], DB[samplingTag])} -> SV126.18 | D235: PQ3-Week3 | E235: TRUE | F235: {=_xlfn.XLOOKUP($B235, DB[samplingPoint], DB[noLocation])} -> 16-3-085 | G235: Building 16 | H235: {=_xlfn.XLOOKUP($B235, DB[samplingPoint], DB[location])} -> CIP 3 (EQUIPMENT REQUIREMENT) | I235: {=_xlfn.XLOOKUP($B235, DB[samplingPoint], DB[waterType])} -> PW | J235: =$A235+1 -> 46071 | K235: 46074 | L235: 0 | M235: 0 | N235: =ROUNDUP(AVERAGE($L235:$M235), 0) -> 0 | P235: {=_xlfn.XLOOKUP($B235, DB[samplingPoint], DB[Criteria])} -> 100 | Q235: =iferror(ifs($N235>P235, "NOT-PASSED", N235<=P235, "PASSED"), "NA") -> PASSED | R235: FALSE | S235: WT-26-0023 | T235: complete | U235: pending
A236: 46070 | B236: OCL07 | C236: {=_xlfn.XLOOKUP(B236, DB[samplingPoint], DB[samplingTag])} -> SV126.21 | D236: PQ3-Week3 | E236: TRUE | F236: {=_xlfn.XLOOKUP($B236, DB[samplingPoint], DB[noLocation])} -> 16-3-090 | G236: Building 16 | H236: {=_xlfn.XLOOKUP($B236, DB[samplingPoint], DB[location])} -> CIP 1 (EQUIPMENT REQUIREMENT) | I236: {=_xlfn.XLOOKUP($B236, DB[samplingPoint], DB[waterType])} -> PW | J236: =$A236+1 -> 46071 | K236: 46074 | L236: 0 | M236: 0 | N236: =ROUNDUP(AVERAGE($L236:$M236), 0) -> 0 | P236: {=_xlfn.XLOOKUP($B236, DB[samplingPoint], DB[Criteria])} -> 100 | Q236: =iferror(ifs($N236>P236, "NOT-PASSED", N236<=P236, "PASSED"), "NA") -> PASSED | R236: FALSE | S236: WT-26-0023 | T236: complete | U236: pending
A237: 46070 | B237: GOCL08 | C237: {=_xlfn.XLOOKUP(B237, DB[samplingPoint], DB[samplingTag])} -> SV127.01 | D237: PQ3-Week3 | E237: TRUE | F237: {=_xlfn.XLOOKUP($B237, DB[samplingPoint], DB[noLocation])} -> WATER SYSTEM (B16) | G237: Building 16 | H237: {=_xlfn.XLOOKUP($B237, DB[samplingPoint], DB[location])} -> Return loop (B16) | I237: {=_xlfn.XLOOKUP($B237, DB[samplingPoint], DB[waterType])} -> PW | J237: =$A237+1 -> 46071 | K237: 46074 | L237: 0 | M237: 0 | N237: =ROUNDUP(AVERAGE($L237:$M237), 0) -> 0 | P237: {=_xlfn.XLOOKUP($B237, DB[samplingPoint], DB[Criteria])} -> 100 | Q237: =iferror(ifs($N237>P237, "NOT-PASSED", N237<=P237, "PASSED"), "NA") -> PASSED | R237: FALSE | S237: WT-26-0023 | T237: complete | U237: pending
A238: 46070 | B238: GOCL03 | C238: {=_xlfn.XLOOKUP(B238, DB[samplingPoint], DB[samplingTag])} -> V50-11C (16) | D238: PQ3-Week3 | E238: TRUE | F238: {=_xlfn.XLOOKUP($B238, DB[samplingPoint], DB[noLocation])} -> WATER SYSTEM (B16) | G238: Building 16 | H238: {=_xlfn.XLOOKUP($B238, DB[samplingPoint], DB[location])} -> After RO (Before EDI) (B16) | I238: {=_xlfn.XLOOKUP($B238, DB[samplingPoint], DB[waterType])} -> RO water | J238: =$A238+1 -> 46071 | K238: 46074 | L238: 0 | M238: 0 | N238: =ROUNDUP(AVERAGE($L238:$M238), 0) -> 0 | P238: {=_xlfn.XLOOKUP($B238, DB[samplingPoint], DB[Criteria])} -> 500 | Q238: =iferror(ifs($N238>P238, "NOT-PASSED", N238<=P238, "PASSED"), "NA") -> PASSED | R238: FALSE | S238: WT-26-0023 | T238: complete | U238: pending
A239: 46070 | B239: GOCL04 | C239: {=_xlfn.XLOOKUP(B239, DB[samplingPoint], DB[samplingTag])} -> V50-39 (16) | D239: PQ3-Week3 | E239: TRUE | F239: {=_xlfn.XLOOKUP($B239, DB[samplingPoint], DB[noLocation])} -> WATER SYSTEM (B16) | G239: Building 16 | H239: {=_xlfn.XLOOKUP($B239, DB[samplingPoint], DB[location])} -> After EDI (B16) | I239: {=_xlfn.XLOOKUP($B239, DB[samplingPoint], DB[waterType])} -> PW | J239: =$A239+1 -> 46071 | K239: 46074 | L239: 0 | M239: 0 | N239: =ROUNDUP(AVERAGE($L239:$M239), 0) -> 0 | P239: {=_xlfn.XLOOKUP($B239, DB[samplingPoint], DB[Criteria])} -> 100 | Q239: =iferror(ifs($N239>P239, "NOT-PASSED", N239<=P239, "PASSED"), "NA") -> PASSED | R239: FALSE | S239: WT-26-0023 | T239: complete | U239: pending
A240: 46070 | B240: GOCL02 | C240: {=_xlfn.XLOOKUP(B240, DB[samplingPoint], DB[samplingTag])} -> V50-61 (16) | D240: PQ3-Week3 | E240: TRUE | F240: {=_xlfn.XLOOKUP($B240, DB[samplingPoint], DB[noLocation])} -> WATER SYSTEM (B16) | G240: Building 16 | H240: {=_xlfn.XLOOKUP($B240, DB[samplingPoint], DB[location])} -> After Cartridge filter 5 µm (B16) | I240: {=_xlfn.XLOOKUP($B240, DB[samplingPoint], DB[waterType])} -> PRW | J240: =$A240+1 -> 46071 | K240: 46074 | L240: 0 | M240: 0 | N240: =ROUNDUP(AVERAGE($L240:$M240), 0) -> 0 | P240: {=_xlfn.XLOOKUP($B240, DB[samplingPoint], DB[Criteria])} -> 500 | Q240: =iferror(ifs($N240>P240, "NOT-PASSED", N240<=P240, "PASSED"), "NA") -> PASSED | R240: FALSE | S240: WT-26-0023 | T240: complete | U240: pending
A241: 46070 | B241: GOCL01 | C241: {=_xlfn.XLOOKUP(B241, DB[samplingPoint], DB[samplingTag])} -> VB-05 (16) | D241: PQ3-Week3 | E241: TRUE | F241: {=_xlfn.XLOOKUP($B241, DB[samplingPoint], DB[noLocation])} -> WATER SYSTEM (B16) | G241: Building 16 | H241: {=_xlfn.XLOOKUP($B241, DB[samplingPoint], DB[location])} -> After Chlorine circulation tank (B16) | I241: {=_xlfn.XLOOKUP($B241, DB[samplingPoint], DB[waterType])} -> PRW | J241: =$A241+1 -> 46071 | K241: 46074 | L241: 1 | M241: 1 | N241: =ROUNDUP(AVERAGE($L241:$M241), 0) -> 1 | P241: {=_xlfn.XLOOKUP($B241, DB[samplingPoint], DB[Criteria])} -> 500 | Q241: =iferror(ifs($N241>P241, "NOT-PASSED", N241<=P241, "PASSED"), "NA") -> PASSED | R241: FALSE | S241: WT-26-0023 | T241: complete | U241: pending
A242: 46070 | B242: OLD19 | C242: {=_xlfn.XLOOKUP(B242, DB[samplingPoint], DB[samplingTag])} -> DV136.01 | D242: PQ3-Week3 | E242: TRUE | F242: {=_xlfn.XLOOKUP($B242, DB[samplingPoint], DB[noLocation])} -> 12-1-035 | G242: Building 12 | H242: {=_xlfn.XLOOKUP($B242, DB[samplingPoint], DB[location])} -> SUGAR TRANSFERRING | I242: {=_xlfn.XLOOKUP($B242, DB[samplingPoint], DB[waterType])} -> PW | J242: =$A242+1 -> 46071 | K242: 46074 | L242: 0 | M242: 0 | N242: =ROUNDUP(AVERAGE($L242:$M242), 0) -> 0 | P242: {=_xlfn.XLOOKUP($B242, DB[samplingPoint], DB[Criteria])} -> 100 | Q242: =iferror(ifs($N242>P242, "NOT-PASSED", N242<=P242, "PASSED"), "NA") -> PASSED | R242: FALSE | S242: WT-26-0024 | T242: complete | U242: pending
... A326: 46086 | B326: GOLD02 | C326: {=_xlfn.XLOOKUP(B326, DB[samplingPoint], DB[samplingTag])} -> V50-61 (12) | D326: PQ3-Week1 | E326: TRUE | F326: {=_xlfn.XLOOKUP($B326, DB[samplingPoint], DB[noLocation])} -> WATER SYSTEM (B12) | G326: Building 12 | H326: {=_xlfn.XLOOKUP($B326, DB[samplingPoint], DB[location])} -> After Cartridge filter 5 µm (B12) | I326: {=_xlfn.XLOOKUP($B326, DB[samplingPoint], DB[waterType])} -> PRW | J326: =$A326+1 -> 46087 | K326: 46091 | L326: 54 | M326: 32 | N326: =ROUNDUP(AVERAGE($L326:$M326), 0) -> 43 | P326: {=_xlfn.XLOOKUP($B326, DB[samplingPoint], DB[Criteria])} -> 500 | Q326: =iferror(ifs($N326>P326, "NOT-PASSED", N326<=P326, "PASSED"), "NA") -> PASSED | R326: FALSE | S326: WT-26-0031 | T326: complete | U326: pending
A327: 46086 | B327: GOLD01 | C327: {=_xlfn.XLOOKUP(B327, DB[samplingPoint], DB[samplingTag])} -> VB-05 (12) | D327: PQ3-Week1 | E327: TRUE | F327: {=_xlfn.XLOOKUP($B327, DB[samplingPoint], DB[noLocation])} -> WATER SYSTEM (B12) | G327: Building 12 | H327: {=_xlfn.XLOOKUP($B327, DB[samplingPoint], DB[location])} -> After Chlorine circulation tank | I327: {=_xlfn.XLOOKUP($B327, DB[samplingPoint], DB[waterType])} -> PRW | J327: =$A327+1 -> 46087 | K327: 46091 | N327: =ROUNDUP(AVERAGE($L327:$M327), 0) -> #DIV/0! | O327: ไม่มีตรวจ (Already checked log book) | P327: {=_xlfn.XLOOKUP($B327, DB[samplingPoint], DB[Criteria])} -> 500 | Q327: =iferror(ifs($N327>P327, "NOT-PASSED", N327<=P327, "PASSED"), "NA") -> NA | R327: FALSE | S327: WT-26-0031 | T327: complete | U327: pending
A328: 46087 | B328: BU19-14 | C328: {=_xlfn.XLOOKUP(B328, DB[samplingPoint], DB[samplingTag])} -> SV-14 | D328: PQ3-Week1 | E328: TRUE | F328: {=_xlfn.XLOOKUP($B328, DB[samplingPoint], DB[noLocation])} -> PROCESS WATER (B19) | G328: Building 19 | H328: {=_xlfn.XLOOKUP($B328, DB[samplingPoint], DB[location])} -> AFTER RO SYSTEM NO.12 SV14 | I328: {=_xlfn.XLOOKUP($B328, DB[samplingPoint], DB[waterType])} -> PRW | J328: =$A328+1 -> 46088 | K328: 46091 | L328: 0 | M328: 0 | N328: =ROUNDUP(AVERAGE($L328:$M328), 0) -> 0 | P328: {=_xlfn.XLOOKUP($B328, DB[samplingPoint], DB[Criteria])} -> 500 | Q328: =iferror(ifs($N328>P328, "NOT-PASSED", N328<=P328, "PASSED"), "NA") -> PASSED | R328: FALSE | S328: WT-26-0032 | T328: complete | U328: pending
A329: 46087 | B329: OSD12 | C329: {=_xlfn.XLOOKUP(B329, DB[samplingPoint], DB[samplingTag])} -> DV116.12 | D329: PQ3-Week1 | E329: TRUE | F329: {=_xlfn.XLOOKUP($B329, DB[samplingPoint], DB[noLocation])} -> 10-3-078 | G329: Building 10 | H329: {=_xlfn.XLOOKUP($B329, DB[samplingPoint], DB[location])} -> WASHING | I329: {=_xlfn.XLOOKUP($B329, DB[samplingPoint], DB[waterType])} -> PW | J329: =$A329+1 -> 46088 | K329: 46091 | L329: 0 | M329: 0 | N329: =ROUNDUP(AVERAGE($L329:$M329), 0) -> 0 | P329: {=_xlfn.XLOOKUP($B329, DB[samplingPoint], DB[Criteria])} -> 100 | Q329: =iferror(ifs($N329>P329, "NOT-PASSED", N329<=P329, "PASSED"), "NA") -> PASSED | R329: FALSE | S329: WT-26-0033 | T329: complete | U329: pending
A330: 46087 | B330: OSD11 | C330: {=_xlfn.XLOOKUP(B330, DB[samplingPoint], DB[samplingTag])} -> DV116.13 | D330: PQ3-Week1 | E330: TRUE | F330: {=_xlfn.XLOOKUP($B330, DB[samplingPoint], DB[noLocation])} -> 10-3-078 | G330: Building 10 | H330: {=_xlfn.XLOOKUP($B330, DB[samplingPoint], DB[location])} -> WASHING | I330: {=_xlfn.XLOOKUP($B330, DB[samplingPoint], DB[waterType])} -> PW | J330: =$A330+1 -> 46088 | K330: 46091 | L330: 0 | M330: 0 | N330: =ROUNDUP(AVERAGE($L330:$M330), 0) -> 0 | P330: {=_xlfn.XLOOKUP($B330, DB[samplingPoint], DB[Criteria])} -> 100 | Q330: =iferror(ifs($N330>P330, "NOT-PASSED", N330<=P330, "PASSED"), "NA") -> PASSED | R330: FALSE | S330: WT-26-0033 | T330: complete | U330: pending
A331: 46087 | B331: OSD09 | C331: {=_xlfn.XLOOKUP(B331, DB[samplingPoint], DB[samplingTag])} -> DV116.14 | D331: PQ3-Week1 | E331: TRUE | F331: {=_xlfn.XLOOKUP($B331, DB[samplingPoint], DB[noLocation])} -> 10-3-086 | G331: Building 10 | H331: {=_xlfn.XLOOKUP($B331, DB[samplingPoint], DB[location])} -> TOOL WASHING | I331: {=_xlfn.XLOOKUP($B331, DB[samplingPoint], DB[waterType])} -> PW | J331: =$A331+1 -> 46088 | K331: 46091 | L331: 0 | M331: 0 | N331: =ROUNDUP(AVERAGE($L331:$M331), 0) -> 0 | P331: {=_xlfn.XLOOKUP($B331, DB[samplingPoint], DB[Criteria])} -> 100 | Q331: =iferror(ifs($N331>P331, "NOT-PASSED", N331<=P331, "PASSED"), "NA") -> PASSED | R331: FALSE | S331: WT-26-0033 | T331: complete | U331: pending
A332: 46087 | B332: OSD28 | C332: {=_xlfn.XLOOKUP(B332, DB[samplingPoint], DB[samplingTag])} -> DV116.15 | D332: PQ3-Week1 | E332: TRUE | F332: {=_xlfn.XLOOKUP($B332, DB[samplingPoint], DB[noLocation])} -> 10-3-104 | G332: Building 10 | H332: {=_xlfn.XLOOKUP($B332, DB[samplingPoint], DB[location])} -> BINDER PREPARATION | I332: {=_xlfn.XLOOKUP($B332, DB[samplingPoint], DB[waterType])} -> PW | J332: =$A332+1 -> 46088 | K332: 46091 | L332: 11 | M332: 13 | N332: =ROUNDUP(AVERAGE($L332:$M332), 0) -> 12 | P332: {=_xlfn.XLOOKUP($B332, DB[samplingPoint], DB[Criteria])} -> 100 | Q332: =iferror(ifs($N332>P332, "NOT-PASSED", N332<=P332, "PASSED"), "NA") -> PASSED | R332: FALSE | S332: WT-26-0033 | T332: complete | U332: pending
A333: 46087 | B333: OSD07 | C333: {=_xlfn.XLOOKUP(B333, DB[samplingPoint], DB[samplingTag])} -> DV116.16 | D333: PQ3-Week1 | E333: TRUE | F333: {=_xlfn.XLOOKUP($B333, DB[samplingPoint], DB[noLocation])} -> 10-3-107 | G333: Building 10 | H333: {=_xlfn.XLOOKUP($B333, DB[samplingPoint], DB[location])} -> WET GRANULATION-2 | I333: {=_xlfn.XLOOKUP($B333, DB[samplingPoint], DB[waterType])} -> PW | J333: =$A333+1 -> 46088 | K333: 46091 | L333: 0 | M333: 0 | N333: =ROUNDUP(AVERAGE($L333:$M333), 0) -> 0 | P333: {=_xlfn.XLOOKUP($B333, DB[samplingPoint], DB[Criteria])} -> 100 | Q333: =iferror(ifs($N333>P333, "NOT-PASSED", N333<=P333, "PASSED"), "NA") -> PASSED | R333: FALSE | S333: WT-26-0033 | T333: complete | U333: pending
A334: 46087 | B334: OSD27 | C334: {=_xlfn.XLOOKUP(B334, DB[samplingPoint], DB[samplingTag])} -> DV116.17 | D334: PQ3-Week1 | E334: TRUE | F334: {=_xlfn.XLOOKUP($B334, DB[samplingPoint], DB[noLocation])} -> 10-3-117 | G334: Building 10 | H334: {=_xlfn.XLOOKUP($B334, DB[samplingPoint], DB[location])} -> IPQC-2 | I334: {=_xlfn.XLOOKUP($B334, DB[samplingPoint], DB[waterType])} -> PW | J334: =$A334+1 -> 46088 | K334: 46091 | L334: 0 | M334: 0 | N334: =ROUNDUP(AVERAGE($L334:$M334), 0) -> 0 | P334: {=_xlfn.XLOOKUP($B334, DB[samplingPoint], DB[Criteria])} -> 100 | Q334: =iferror(ifs($N334>P334, "NOT-PASSED", N334<=P334, "PASSED"), "NA") -> PASSED | R334: FALSE | S334: WT-26-0033 | T334: complete | U334: pending
A335: 46087 | B335: OSD06 | C335: {=_xlfn.XLOOKUP(B335, DB[samplingPoint], DB[samplingTag])} -> DV116.18 | D335: PQ3-Week1 | E335: TRUE | F335: {=_xlfn.XLOOKUP($B335, DB[samplingPoint], DB[noLocation])} -> 10-3-111 | G335: Building 10 | H335: {=_xlfn.XLOOKUP($B335, DB[samplingPoint], DB[location])} -> WET GRANULATION-5 | I335: {=_xlfn.XLOOKUP($B335, DB[samplingPoint], DB[waterType])} -> PW | J335: =$A335+1 -> 46088 | K335: 46091 | L335: 0 | M335: 0 | N335: =ROUNDUP(AVERAGE($L335:$M335), 0) -> 0 | P335: {=_xlfn.XLOOKUP($B335, DB[samplingPoint], DB[Criteria])} -> 100 | Q335: =iferror(ifs($N335>P335, "NOT-PASSED", N335<=P335, "PASSED"), "NA") -> PASSED | R335: FALSE | S335: WT-26-0033 | T335: complete | U335: pending
A336: 46087 | B336: OSD10 | C336: {=_xlfn.XLOOKUP(B336, DB[samplingPoint], DB[samplingTag])} -> SV116.09 | D336: PQ3-Week1 | E336: TRUE | F336: {=_xlfn.XLOOKUP($B336, DB[samplingPoint], DB[noLocation])} -> 10-3-078 | G336: Building 10 | H336: {=_xlfn.XLOOKUP($B336, DB[samplingPoint], DB[location])} -> WASHING | I336: {=_xlfn.XLOOKUP($B336, DB[samplingPoint], DB[waterType])} -> PW | J336: =$A336+1 -> 46088 | K336: 46091 | L336: 0 | M336: 0 | N336: =ROUNDUP(AVERAGE($L336:$M336), 0) -> 0 | P336: {=_xlfn.XLOOKUP($B336, DB[samplingPoint], DB[Criteria])} -> 100 | Q336: =iferror(ifs($N336>P336, "NOT-PASSED", N336<=P336, "PASSED"), "NA") -> PASSED | R336: FALSE | S336: WT-26-0033 | T336: complete | U336: pending
A337: 46087 | B337: OSD08 | C337: {=_xlfn.XLOOKUP(B337, DB[samplingPoint], DB[samplingTag])} -> SV116.11 | D337: PQ3-Week1 | E337: TRUE | F337: {=_xlfn.XLOOKUP($B337, DB[samplingPoint], DB[noLocation])} -> 10-3-107 | G337: Building 10 | H337: {=_xlfn.XLOOKUP($B337, DB[samplingPoint], DB[location])} -> WET GRANULATION-2 | I337: {=_xlfn.XLOOKUP($B337, DB[samplingPoint], DB[waterType])} -> PW | J337: =$A337+1 -> 46088 | K337: 46091 | L337: 0 | M337: 0 | N337: =ROUNDUP(AVERAGE($L337:$M337), 0) -> 0 | P337: {=_xlfn.XLOOKUP($B337, DB[samplingPoint], DB[Criteria])} -> 100 | Q337: =iferror(ifs($N337>P337, "NOT-PASSED", N337<=P337, "PASSED"), "NA") -> PASSED | R337: FALSE | S337: WT-26-0033 | T337: complete | U337: pending
A338: 46087 | B338: GOSD08 | C338: {=_xlfn.XLOOKUP(B338, DB[samplingPoint], DB[samplingTag])} -> SV117.01 | D338: PQ3-Week1 | E338: TRUE | F338: {=_xlfn.XLOOKUP($B338, DB[samplingPoint], DB[noLocation])} -> WATER SYSTEM (B10) | G338: Building 10 | H338: {=_xlfn.XLOOKUP($B338, DB[samplingPoint], DB[location])} -> Return loop (B10) | I338: {=_xlfn.XLOOKUP($B338, DB[samplingPoint], DB[waterType])} -> PW | J338: =$A338+1 -> 46088 | K338: 46091 | L338: 0 | M338: 0 | N338: =ROUNDUP(AVERAGE($L338:$M338), 0) -> 0 | P338: {=_xlfn.XLOOKUP($B338, DB[samplingPoint], DB[Criteria])} -> 100 | Q338: =iferror(ifs($N338>P338, "NOT-PASSED", N338<=P338, "PASSED"), "NA") -> PASSED | R338: FALSE | S338: WT-26-0033 | T338: complete | U338: pending
A339: 46087 | B339: GOSD04 | C339: {=_xlfn.XLOOKUP(B339, DB[samplingPoint], DB[samplingTag])} -> V50-11C(10) | D339: PQ3-Week1 | E339: TRUE | F339: {=_xlfn.XLOOKUP($B339, DB[samplingPoint], DB[noLocation])} -> WATER SYSTEM (B10) | G339: Building 10 | H339: {=_xlfn.XLOOKUP($B339, DB[samplingPoint], DB[location])} -> After RO (Before EDI) (B10) | I339: {=_xlfn.XLOOKUP($B339, DB[samplingPoint], DB[waterType])} -> RO water | J339: =$A339+1 -> 46088 | K339: 46091 | L339: 0 | M339: 0 | N339: =ROUNDUP(AVERAGE($L339:$M339), 0) -> 0 | P339: {=_xlfn.XLOOKUP($B339, DB[samplingPoint], DB[Criteria])} -> 500 | Q339: =iferror(ifs($N339>P339, "NOT-PASSED", N339<=P339, "PASSED"), "NA") -> PASSED | R339: FALSE | S339: WT-26-0033 | T339: complete | U339: pending
... A342: 46087 | B342: GOSD01 | C342: {=_xlfn.XLOOKUP(B342, DB[samplingPoint], DB[samplingTag])} -> VB-05(10) | D342: PQ3-Week1 | E342: TRUE | F342: {=_xlfn.XLOOKUP($B342, DB[samplingPoint], DB[noLocation])} -> WATER SYSTEM (B10) | G342: Building 10 | H342: {=_xlfn.XLOOKUP($B342, DB[samplingPoint], DB[location])} -> After Chlorine circulation tank (B10) | I342: {=_xlfn.XLOOKUP($B342, DB[samplingPoint], DB[waterType])} -> PRW | J342: =$A342+1 -> 46088 | K342: 46091 | L342: 1 | M342: 4 | N342: =ROUNDUP(AVERAGE($L342:$M342), 0) -> 3 | P342: {=_xlfn.XLOOKUP($B342, DB[samplingPoint], DB[Criteria])} -> 500 | Q342: =iferror(ifs($N342>P342, "NOT-PASSED", N342<=P342, "PASSED"), "NA") -> PASSED | R342: FALSE | S342: WT-26-0033 | T342: complete | U342: pending
A343: 46038 | B343: BU11 | C343: {=_xlfn.XLOOKUP(B343, DB[samplingPoint], DB[samplingTag])} -> #N/A | D343: PQ3-Week2 | E343: TRUE | F343: {=_xlfn.XLOOKUP($B343, DB[samplingPoint], DB[noLocation])} -> #N/A | G343: {=_xlfn.XLOOKUP($B343, DB[samplingPoint], DB[building])} -> #N/A | H343: {=_xlfn.XLOOKUP($B343, DB[samplingPoint], DB[location])} -> #N/A | I343: {=_xlfn.XLOOKUP($B343, DB[samplingPoint], DB[waterType])} -> #N/A | J343: =$A343+1 -> 46039 | K343: 46042 | L343: 0 | M343: 0 | N343: =ROUNDUP(AVERAGE($L343:$M343), 0) -> 0 | O343: NA | P343: {=_xlfn.XLOOKUP($B343, DB[samplingPoint], DB[Criteria])} -> #N/A | Q343: =iferror(ifs($N343>P343, "NOT-PASSED", N343<=P343, "PASSED"), "NA") -> NA | R343: FALSE | S343: WT-26-0073 | T343: complete | U343: synced
A344: 46066 | B344: B11 | C344: {=_xlfn.XLOOKUP(B344, DB[samplingPoint], DB[samplingTag])} -> #N/A | D344: PQ3-Week2 | E344: TRUE | F344: {=_xlfn.XLOOKUP($B344, DB[samplingPoint], DB[noLocation])} -> #N/A | G344: #N/A | H344: {=_xlfn.XLOOKUP($B344, DB[samplingPoint], DB[location])} -> #N/A | I344: {=_xlfn.XLOOKUP($B344, DB[samplingPoint], DB[waterType])} -> #N/A | J344: =$A344+1 -> 46067 | K344: 46070 | L344: 0 | M344: 0 | N344: =ROUNDUP(AVERAGE($L344:$M344), 0) -> 0 | O344: NA | P344: {=_xlfn.XLOOKUP($B344, DB[samplingPoint], DB[Criteria])} -> #N/A | Q344: =iferror(ifs($N344>P344, "NOT-PASSED", N344<=P344, "PASSED"), "NA") -> NA | R344: FALSE | S344: WT-26-0074 | T344: complete | U344: synced
A345: 46090 | B345: OCL02 | C345: {=_xlfn.XLOOKUP(B345, DB[samplingPoint], DB[samplingTag])} -> DV126.01 | D345: Speacial | E345: TRUE | F345: {=_xlfn.XLOOKUP($B345, DB[samplingPoint], DB[noLocation])} -> 16-1-082 | G345: Building 16 | H345: {=_xlfn.XLOOKUP($B345, DB[samplingPoint], DB[location])} -> WASHING | I345: {=_xlfn.XLOOKUP($B345, DB[samplingPoint], DB[waterType])} -> PW | J345: =$A345+1 -> 46091 | K345: 46094 | L345: 0 | M345: 0 | N345: =ROUNDUP(AVERAGE($L345:$M345), 0) -> 0 | O345: shutdown 36 hr. | P345: {=_xlfn.XLOOKUP($B345, DB[samplingPoint], DB[Criteria])} -> 100 | Q345: =iferror(ifs($N345>P345, "NOT-PASSED", N345<=P345, "PASSED"), "NA") -> PASSED | R345: FALSE | S345: WT-26-0075 | T345: complete | U345: synced
A346: 46090 | B346: OCL01 | C346: {=_xlfn.XLOOKUP(B346, DB[samplingPoint], DB[samplingTag])} -> DV126.02 | D346: Speacial | E346: TRUE | F346: {=_xlfn.XLOOKUP($B346, DB[samplingPoint], DB[noLocation])} -> 16-1-082 | G346: Building 16 | H346: {=_xlfn.XLOOKUP($B346, DB[samplingPoint], DB[location])} -> WASHING | I346: {=_xlfn.XLOOKUP($B346, DB[samplingPoint], DB[waterType])} -> PW | J346: =$A346+1 -> 46091 | K346: 46094 | L346: 0 | M346: 0 | N346: =ROUNDUP(AVERAGE($L346:$M346), 0) -> 0 | O346: shutdown 36 hr. | P346: {=_xlfn.XLOOKUP($B346, DB[samplingPoint], DB[Criteria])} -> 100 | Q346: =iferror(ifs($N346>P346, "NOT-PASSED", N346<=P346, "PASSED"), "NA") -> PASSED | R346: FALSE | S346: WT-26-0075 | T346: complete | U346: synced
A347: 46090 | B347: OCL04 | C347: {=_xlfn.XLOOKUP(B347, DB[samplingPoint], DB[samplingTag])} -> DV126.03 | D347: Speacial | E347: TRUE | F347: {=_xlfn.XLOOKUP($B347, DB[samplingPoint], DB[noLocation])} -> 16-1-098 | G347: Building 16 | H347: {=_xlfn.XLOOKUP($B347, DB[samplingPoint], DB[location])} -> CIP/SIP (SINK WASHING) | I347: {=_xlfn.XLOOKUP($B347, DB[samplingPoint], DB[waterType])} -> PW | J347: =$A347+1 -> 46091 | K347: 46094 | L347: 0 | M347: 0 | N347: =ROUNDUP(AVERAGE($L347:$M347), 0) -> 0 | O347: shutdown 36 hr. | P347: {=_xlfn.XLOOKUP($B347, DB[samplingPoint], DB[Criteria])} -> 100 | Q347: =iferror(ifs($N347>P347, "NOT-PASSED", N347<=P347, "PASSED"), "NA") -> PASSED | R347: FALSE | S347: WT-26-0075 | T347: complete | U347: synced
A348: 46090 | B348: OCL24 | C348: {=_xlfn.XLOOKUP(B348, DB[samplingPoint], DB[samplingTag])} -> DV126.04 | D348: Speacial | E348: TRUE | F348: {=_xlfn.XLOOKUP($B348, DB[samplingPoint], DB[noLocation])} -> 16-2-010 | G348: Building 16 | H348: {=_xlfn.XLOOKUP($B348, DB[samplingPoint], DB[location])} -> WATER SYSTEM (PW) | I348: {=_xlfn.XLOOKUP($B348, DB[samplingPoint], DB[waterType])} -> PW | J348: =$A348+1 -> 46091 | K348: 46094 | L348: 0 | M348: 0 | N348: =ROUNDUP(AVERAGE($L348:$M348), 0) -> 0 | O348: shutdown 36 hr. | P348: {=_xlfn.XLOOKUP($B348, DB[samplingPoint], DB[Criteria])} -> 100 | Q348: =iferror(ifs($N348>P348, "NOT-PASSED", N348<=P348, "PASSED"), "NA") -> PASSED | R348: FALSE | S348: WT-26-0075 | T348: complete | U348: synced
A349: 46090 | B349: OCL21 | C349: {=_xlfn.XLOOKUP(B349, DB[samplingPoint], DB[samplingTag])} -> DV126.05 | D349: Speacial | E349: TRUE | F349: {=_xlfn.XLOOKUP($B349, DB[samplingPoint], DB[noLocation])} -> 16-3-054 | G349: Building 16 | H349: {=_xlfn.XLOOKUP($B349, DB[samplingPoint], DB[location])} -> WASHING | I349: {=_xlfn.XLOOKUP($B349, DB[samplingPoint], DB[waterType])} -> PW | J349: =$A349+1 -> 46091 | K349: 46094 | L349: 21 | M349: 16 | N349: =ROUNDUP(AVERAGE($L349:$M349), 0) -> 19 | O349: shutdown 36 hr. | P349: {=_xlfn.XLOOKUP($B349, DB[samplingPoint], DB[Criteria])} -> 100 | Q349: =iferror(ifs($N349>P349, "NOT-PASSED", N349<=P349, "PASSED"), "NA") -> PASSED | R349: FALSE | S349: WT-26-0075 | T349: complete | U349: synced
A350: 46090 | B350: OCL10 | C350: {=_xlfn.XLOOKUP(B350, DB[samplingPoint], DB[samplingTag])} -> DV126.06 | D350: Speacial | E350: TRUE | F350: {=_xlfn.XLOOKUP($B350, DB[samplingPoint], DB[noLocation])} -> 16-3-069 | G350: Building 16 | H350: {=_xlfn.XLOOKUP($B350, DB[samplingPoint], DB[location])} -> MFG 2 | I350: {=_xlfn.XLOOKUP($B350, DB[samplingPoint], DB[waterType])} -> PW | J350: =$A350+1 -> 46091 | K350: 46094 | L350: 0 | M350: 0 | N350: =ROUNDUP(AVERAGE($L350:$M350), 0) -> 0 | O350: shutdown 36 hr. | P350: {=_xlfn.XLOOKUP($B350, DB[samplingPoint], DB[Criteria])} -> 100 | Q350: =iferror(ifs($N350>P350, "NOT-PASSED", N350<=P350, "PASSED"), "NA") -> PASSED | R350: FALSE | S350: WT-26-0075 | T350: complete | U350: synced
A351: 46090 | B351: OCL19 | C351: {=_xlfn.XLOOKUP(B351, DB[samplingPoint], DB[samplingTag])} -> DV126.07 | D351: Speacial | E351: TRUE | F351: {=_xlfn.XLOOKUP($B351, DB[samplingPoint], DB[noLocation])} -> 16-3-077 | G351: Building 16 | H351: {=_xlfn.XLOOKUP($B351, DB[samplingPoint], DB[location])} -> MFG 6 | I351: {=_xlfn.XLOOKUP($B351, DB[samplingPoint], DB[waterType])} -> PW | J351: =$A351+1 -> 46091 | K351: 46094 | L351: 0 | M351: 0 | N351: =ROUNDUP(AVERAGE($L351:$M351), 0) -> 0 | O351: shutdown 36 hr. | P351: {=_xlfn.XLOOKUP($B351, DB[samplingPoint], DB[Criteria])} -> 100 | Q351: =iferror(ifs($N351>P351, "NOT-PASSED", N351<=P351, "PASSED"), "NA") -> PASSED | R351: FALSE | S351: WT-26-0075 | T351: complete | U351: synced
A352: 46090 | B352: OCL18 | C352: {=_xlfn.XLOOKUP(B352, DB[samplingPoint], DB[samplingTag])} -> DV126.08 | D352: Speacial | E352: TRUE | F352: {=_xlfn.XLOOKUP($B352, DB[samplingPoint], DB[noLocation])} -> 16-3-077 | G352: Building 16 | H352: {=_xlfn.XLOOKUP($B352, DB[samplingPoint], DB[location])} -> MFG 6 | I352: {=_xlfn.XLOOKUP($B352, DB[samplingPoint], DB[waterType])} -> PW | J352: =$A352+1 -> 46091 | K352: 46094 | L352: 0 | M352: 0 | N352: =ROUNDUP(AVERAGE($L352:$M352), 0) -> 0 | O352: shutdown 36 hr. | P352: {=_xlfn.XLOOKUP($B352, DB[samplingPoint], DB[Criteria])} -> 100 | Q352: =iferror(ifs($N352>P352, "NOT-PASSED", N352<=P352, "PASSED"), "NA") -> PASSED | R352: FALSE | S352: WT-26-0075 | T352: complete | U352: synced
A353: 46090 | B353: OCL08 | C353: {=_xlfn.XLOOKUP(B353, DB[samplingPoint], DB[samplingTag])} -> DV126.09 | D353: Speacial | E353: TRUE | F353: {=_xlfn.XLOOKUP($B353, DB[samplingPoint], DB[noLocation])} -> 16-3-090 | G353: Building 16 | H353: {=_xlfn.XLOOKUP($B353, DB[samplingPoint], DB[location])} -> CIP 1 (ZINK WASHING) | I353: {=_xlfn.XLOOKUP($B353, DB[samplingPoint], DB[waterType])} -> PW | J353: =$A353+1 -> 46091 | K353: 46094 | L353: 0 | M353: 0 | N353: =ROUNDUP(AVERAGE($L353:$M353), 0) -> 0 | O353: shutdown 36 hr. | P353: {=_xlfn.XLOOKUP($B353, DB[samplingPoint], DB[Criteria])} -> 100 | Q353: =iferror(ifs($N353>P353, "NOT-PASSED", N353<=P353, "PASSED"), "NA") -> PASSED | R353: FALSE | S353: WT-26-0075 | T353: complete | U353: synced
A354: 46090 | B354: OCL09 | C354: {=_xlfn.XLOOKUP(B354, DB[samplingPoint], DB[samplingTag])} -> DV126.10 | D354: Speacial | E354: TRUE | F354: {=_xlfn.XLOOKUP($B354, DB[samplingPoint], DB[noLocation])} -> 16-3-069 | G354: Building 16 | H354: {=_xlfn.XLOOKUP($B354, DB[samplingPoint], DB[location])} -> MFG 2 | I354: {=_xlfn.XLOOKUP($B354, DB[samplingPoint], DB[waterType])} -> PW | J354: =$A354+1 -> 46091 | K354: 46094 | L354: 0 | M354: 0 | N354: =ROUNDUP(AVERAGE($L354:$M354), 0) -> 0 | O354: shutdown 36 hr. | P354: {=_xlfn.XLOOKUP($B354, DB[samplingPoint], DB[Criteria])} -> 100 | Q354: =iferror(ifs($N354>P354, "NOT-PASSED", N354<=P354, "PASSED"), "NA") -> PASSED | R354: FALSE | S354: WT-26-0075 | T354: complete | U354: synced
A355: 46090 | B355: OCL14 | C355: {=_xlfn.XLOOKUP(B355, DB[samplingPoint], DB[samplingTag])} -> DV126.11 | D355: Speacial | E355: TRUE | F355: {=_xlfn.XLOOKUP($B355, DB[samplingPoint], DB[noLocation])} -> 16-3-073 | G355: Building 16 | H355: {=_xlfn.XLOOKUP($B355, DB[samplingPoint], DB[location])} -> MFG 4 (5000L) | I355: {=_xlfn.XLOOKUP($B355, DB[samplingPoint], DB[waterType])} -> PW | J355: =$A355+1 -> 46091 | K355: 46094 | L355: 0 | M355: 0 | N355: =ROUNDUP(AVERAGE($L355:$M355), 0) -> 0 | O355: shutdown 36 hr. | P355: {=_xlfn.XLOOKUP($B355, DB[samplingPoint], DB[Criteria])} -> 100 | Q355: =iferror(ifs($N355>P355, "NOT-PASSED", N355<=P355, "PASSED"), "NA") -> PASSED | R355: FALSE | S355: WT-26-0075 | T355: complete | U355: synced
A356: 46090 | B356: GOCL05 | C356: {=_xlfn.XLOOKUP(B356, DB[samplingPoint], DB[samplingTag])} -> SV123.01 | D356: Speacial | E356: TRUE | F356: {=_xlfn.XLOOKUP($B356, DB[samplingPoint], DB[noLocation])} -> WATER SYSTEM (B16) | G356: Building 16 | H356: {=_xlfn.XLOOKUP($B356, DB[samplingPoint], DB[location])} -> After Storage tank (B16) | I356: {=_xlfn.XLOOKUP($B356, DB[samplingPoint], DB[waterType])} -> PW | J356: =$A356+1 -> 46091 | K356: 46094 | L356: 0 | M356: 0 | N356: =ROUNDUP(AVERAGE($L356:$M356), 0) -> 0 | O356: shutdown 36 hr. (เช้า) | P356: {=_xlfn.XLOOKUP($B356, DB[samplingPoint], DB[Criteria])} -> 100 | Q356: =iferror(ifs($N356>P356, "NOT-PASSED", N356<=P356, "PASSED"), "NA") -> PASSED | R356: FALSE | S356: WT-26-0075 | T356: complete | U356: synced
... A372: 46090 | B372: GOCL04 | C372: {=_xlfn.XLOOKUP(B372, DB[samplingPoint], DB[samplingTag])} -> V50-39 (16) | D372: Speacial | E372: TRUE | F372: {=_xlfn.XLOOKUP($B372, DB[samplingPoint], DB[noLocation])} -> WATER SYSTEM (B16) | G372: Building 16 | H372: {=_xlfn.XLOOKUP($B372, DB[samplingPoint], DB[location])} -> After EDI (B16) | I372: {=_xlfn.XLOOKUP($B372, DB[samplingPoint], DB[waterType])} -> PW | J372: =$A372+1 -> 46091 | K372: 46094 | L372: 0 | M372: 0 | N372: =ROUNDUP(AVERAGE($L372:$M372), 0) -> 0 | O372: shutdown 36 hr. | P372: {=_xlfn.XLOOKUP($B372, DB[samplingPoint], DB[Criteria])} -> 100 | Q372: =iferror(ifs($N372>P372, "NOT-PASSED", N372<=P372, "PASSED"), "NA") -> PASSED | R372: FALSE | S372: WT-26-0075 | T372: complete | U372: synced
A373: 46092 | B373: GOLD05 | C373: {=_xlfn.XLOOKUP(B373, DB[samplingPoint], DB[samplingTag])} -> SV133.01 | D373: PQ3-Week2 | E373: TRUE | F373: {=_xlfn.XLOOKUP($B373, DB[samplingPoint], DB[noLocation])} -> WATER SYSTEM (B12) | G373: Building 12 | H373: {=_xlfn.XLOOKUP($B373, DB[samplingPoint], DB[location])} -> After Storage tank (B12) | I373: {=_xlfn.XLOOKUP($B373, DB[samplingPoint], DB[waterType])} -> PW | J373: =$A373+1 -> 46093 | K373: 46096 | L373: 0 | M373: 0 | N373: =ROUNDUP(AVERAGE($L373:$M373), 0) -> 0 | P373: {=_xlfn.XLOOKUP($B373, DB[samplingPoint], DB[Criteria])} -> 100 | Q373: =iferror(ifs($N373>P373, "NOT-PASSED", N373<=P373, "PASSED"), "NA") -> PASSED | R373: FALSE | S373: WT-26-0034 | T373: complete | U373: pending
A374: 46092 | B374: GOLD06 | C374: {=_xlfn.XLOOKUP(B374, DB[samplingPoint], DB[samplingTag])} -> SV135.02 | D374: PQ3-Week2 | E374: TRUE | F374: {=_xlfn.XLOOKUP($B374, DB[samplingPoint], DB[noLocation])} -> WATER SYSTEM (B12) | G374: Building 12 | H374: {=_xlfn.XLOOKUP($B374, DB[samplingPoint], DB[location])} -> After UV (B12) | I374: {=_xlfn.XLOOKUP($B374, DB[samplingPoint], DB[waterType])} -> PW | J374: =$A374+1 -> 46093 | K374: 46096 | L374: 0 | M374: 0 | N374: =ROUNDUP(AVERAGE($L374:$M374), 0) -> 0 | P374: {=_xlfn.XLOOKUP($B374, DB[samplingPoint], DB[Criteria])} -> 100 | Q374: =iferror(ifs($N374>P374, "NOT-PASSED", N374<=P374, "PASSED"), "NA") -> PASSED | R374: FALSE | S374: WT-26-0034 | T374: complete | U374: pending
A375: 46092 | B375: GOLD07 | C375: {=_xlfn.XLOOKUP(B375, DB[samplingPoint], DB[samplingTag])} -> SV137.01 | D375: PQ3-Week2 | E375: TRUE | F375: {=_xlfn.XLOOKUP($B375, DB[samplingPoint], DB[noLocation])} -> WATER SYSTEM (B12) | G375: Building 12 | H375: {=_xlfn.XLOOKUP($B375, DB[samplingPoint], DB[location])} -> Return loop (B12) | I375: {=_xlfn.XLOOKUP($B375, DB[samplingPoint], DB[waterType])} -> PW | J375: =$A375+1 -> 46093 | K375: 46096 | L375: 0 | M375: 0 | N375: =ROUNDUP(AVERAGE($L375:$M375), 0) -> 0 | P375: {=_xlfn.XLOOKUP($B375, DB[samplingPoint], DB[Criteria])} -> 100 | Q375: =iferror(ifs($N375>P375, "NOT-PASSED", N375<=P375, "PASSED"), "NA") -> PASSED | R375: FALSE | S375: WT-26-0034 | T375: complete | U375: pending
A376: 46092 | B376: OLD03 | C376: {=_xlfn.XLOOKUP(B376, DB[samplingPoint], DB[samplingTag])} -> SV136.12 | D376: PQ3-Week2 | E376: TRUE | F376: {=_xlfn.XLOOKUP($B376, DB[samplingPoint], DB[noLocation])} -> 12-2-036 | G376: Building 12 | H376: {=_xlfn.XLOOKUP($B376, DB[samplingPoint], DB[location])} -> CIP 1 | I376: {=_xlfn.XLOOKUP($B376, DB[samplingPoint], DB[waterType])} -> PW | J376: =$A376+1 -> 46093 | K376: 46096 | L376: 0 | M376: 0 | N376: =ROUNDUP(AVERAGE($L376:$M376), 0) -> 0 | P376: {=_xlfn.XLOOKUP($B376, DB[samplingPoint], DB[Criteria])} -> 100 | Q376: =iferror(ifs($N376>P376, "NOT-PASSED", N376<=P376, "PASSED"), "NA") -> PASSED | R376: FALSE | S376: WT-26-0034 | T376: complete | U376: pending
A377: 46092 | B377: OLD04 | C377: {=_xlfn.XLOOKUP(B377, DB[samplingPoint], DB[samplingTag])} -> SV136.07 | D377: PQ3-Week2 | E377: TRUE | F377: {=_xlfn.XLOOKUP($B377, DB[samplingPoint], DB[noLocation])} -> 12-2-034 | G377: Building 12 | H377: {=_xlfn.XLOOKUP($B377, DB[samplingPoint], DB[location])} -> SYRUP PREPARATION | I377: {=_xlfn.XLOOKUP($B377, DB[samplingPoint], DB[waterType])} -> PW | J377: =$A377+1 -> 46093 | K377: 46096 | L377: 0 | M377: 0 | N377: =ROUNDUP(AVERAGE($L377:$M377), 0) -> 0 | P377: {=_xlfn.XLOOKUP($B377, DB[samplingPoint], DB[Criteria])} -> 100 | Q377: =iferror(ifs($N377>P377, "NOT-PASSED", N377<=P377, "PASSED"), "NA") -> PASSED | R377: FALSE | S377: WT-26-0034 | T377: complete | U377: pending
A378: 46092 | B378: OLD05 | C378: {=_xlfn.XLOOKUP(B378, DB[samplingPoint], DB[samplingTag])} -> SV136.06 | D378: PQ3-Week2 | E378: TRUE | F378: {=_xlfn.XLOOKUP($B378, DB[samplingPoint], DB[noLocation])} -> 12-2-034 | G378: Building 12 | H378: {=_xlfn.XLOOKUP($B378, DB[samplingPoint], DB[location])} -> SYRUP PREPARATION | I378: {=_xlfn.XLOOKUP($B378, DB[samplingPoint], DB[waterType])} -> PW | J378: =$A378+1 -> 46093 | K378: 46096 | L378: 0 | M378: 0 | N378: =ROUNDUP(AVERAGE($L378:$M378), 0) -> 0 | P378: {=_xlfn.XLOOKUP($B378, DB[samplingPoint], DB[Criteria])} -> 100 | Q378: =iferror(ifs($N378>P378, "NOT-PASSED", N378<=P378, "PASSED"), "NA") -> PASSED | R378: FALSE | S378: WT-26-0034 | T378: complete | U378: pending
A379: 46092 | B379: OLD12 | C379: {=_xlfn.XLOOKUP(B379, DB[samplingPoint], DB[samplingTag])} -> SV136.03 | D379: PQ3-Week2 | E379: TRUE | F379: {=_xlfn.XLOOKUP($B379, DB[samplingPoint], DB[noLocation])} -> 12-2-032 | G379: Building 12 | H379: {=_xlfn.XLOOKUP($B379, DB[samplingPoint], DB[location])} -> CAMPHORATED OPIUM TINCTURE | I379: {=_xlfn.XLOOKUP($B379, DB[samplingPoint], DB[waterType])} -> PW | J379: =$A379+1 -> 46093 | K379: 46096 | L379: 0 | M379: 0 | N379: =ROUNDUP(AVERAGE($L379:$M379), 0) -> 0 | P379: {=_xlfn.XLOOKUP($B379, DB[samplingPoint], DB[Criteria])} -> 100 | Q379: =iferror(ifs($N379>P379, "NOT-PASSED", N379<=P379, "PASSED"), "NA") -> PASSED | R379: FALSE | S379: WT-26-0034 | T379: complete | U379: pending
A380: 46092 | B380: OLD13 | C380: {=_xlfn.XLOOKUP(B380, DB[samplingPoint], DB[samplingTag])} -> SV136.05 | D380: PQ3-Week2 | E380: TRUE | F380: {=_xlfn.XLOOKUP($B380, DB[samplingPoint], DB[noLocation])} -> 12-2-032 | G380: Building 12 | H380: {=_xlfn.XLOOKUP($B380, DB[samplingPoint], DB[location])} -> CAMPHORATED OPIUM TINCTURE | I380: {=_xlfn.XLOOKUP($B380, DB[samplingPoint], DB[waterType])} -> PW | J380: =$A380+1 -> 46093 | K380: 46096 | L380: 0 | M380: 0 | N380: =ROUNDUP(AVERAGE($L380:$M380), 0) -> 0 | P380: {=_xlfn.XLOOKUP($B380, DB[samplingPoint], DB[Criteria])} -> 100 | Q380: =iferror(ifs($N380>P380, "NOT-PASSED", N380<=P380, "PASSED"), "NA") -> PASSED | R380: FALSE | S380: WT-26-0034 | T380: complete | U380: pending
A381: 46092 | B381: OLD14 | C381: {=_xlfn.XLOOKUP(B381, DB[samplingPoint], DB[samplingTag])} -> SV136.04 | D381: PQ3-Week2 | E381: TRUE | F381: {=_xlfn.XLOOKUP($B381, DB[samplingPoint], DB[noLocation])} -> 12-2-030 | G381: Building 12 | H381: {=_xlfn.XLOOKUP($B381, DB[samplingPoint], DB[location])} -> OPIUM TINCTURE | I381: {=_xlfn.XLOOKUP($B381, DB[samplingPoint], DB[waterType])} -> PW | J381: =$A381+1 -> 46093 | K381: 46096 | L381: 0 | M381: 0 | N381: =ROUNDUP(AVERAGE($L381:$M381), 0) -> 0 | P381: {=_xlfn.XLOOKUP($B381, DB[samplingPoint], DB[Criteria])} -> 100 | Q381: =iferror(ifs($N381>P381, "NOT-PASSED", N381<=P381, "PASSED"), "NA") -> PASSED | R381: FALSE | S381: WT-26-0034 | T381: complete | U381: pending
A382: 46092 | B382: OLD15 | C382: {=_xlfn.XLOOKUP(B382, DB[samplingPoint], DB[samplingTag])} -> DV136.02 | D382: PQ3-Week2 | E382: TRUE | F382: {=_xlfn.XLOOKUP($B382, DB[samplingPoint], DB[noLocation])} -> 12-2-028 | G382: Building 12 | H382: {=_xlfn.XLOOKUP($B382, DB[samplingPoint], DB[location])} -> ALCOHOL STORAGE | I382: {=_xlfn.XLOOKUP($B382, DB[samplingPoint], DB[waterType])} -> PW | J382: =$A382+1 -> 46093 | K382: 46096 | L382: 0 | M382: 0 | N382: =ROUNDUP(AVERAGE($L382:$M382), 0) -> 0 | P382: {=_xlfn.XLOOKUP($B382, DB[samplingPoint], DB[Criteria])} -> 100 | Q382: =iferror(ifs($N382>P382, "NOT-PASSED", N382<=P382, "PASSED"), "NA") -> PASSED | R382: FALSE | S382: WT-26-0034 | T382: complete | U382: pending
A383: 46092 | B383: OLD31 | C383: {=_xlfn.XLOOKUP(B383, DB[samplingPoint], DB[samplingTag])} -> DV136.07 | D383: PQ3-Week2 | E383: TRUE | F383: {=_xlfn.XLOOKUP($B383, DB[samplingPoint], DB[noLocation])} -> 12-3-039 | G383: Building 12 | H383: {=_xlfn.XLOOKUP($B383, DB[samplingPoint], DB[location])} -> INSTRUMENT 7 | I383: {=_xlfn.XLOOKUP($B383, DB[samplingPoint], DB[waterType])} -> PW | J383: =$A383+1 -> 46093 | K383: 46096 | L383: 0 | M383: 0 | N383: =ROUNDUP(AVERAGE($L383:$M383), 0) -> 0 | P383: {=_xlfn.XLOOKUP($B383, DB[samplingPoint], DB[Criteria])} -> 100 | Q383: =iferror(ifs($N383>P383, "NOT-PASSED", N383<=P383, "PASSED"), "NA") -> PASSED | R383: FALSE | S383: WT-26-0034 | T383: complete | U383: pending
A384: 46094 | B384: B11 | C384: {=_xlfn.XLOOKUP(B384, DB[samplingPoint], DB[samplingTag])} -> #N/A | E384: TRUE | F384: {=_xlfn.XLOOKUP($B384, DB[samplingPoint], DB[noLocation])} -> #N/A | G384: #N/A | H384: {=_xlfn.XLOOKUP($B384, DB[samplingPoint], DB[location])} -> #N/A | I384: {=_xlfn.XLOOKUP($B384, DB[samplingPoint], DB[waterType])} -> #N/A | J384: =$A384+1 -> 46095 | K384: 46098 | L384: 0 | M384: 0 | N384: =ROUNDUP(AVERAGE($L384:$M384), 0) -> 0 | P384: {=_xlfn.XLOOKUP($B384, DB[samplingPoint], DB[Criteria])} -> #N/A | Q384: =iferror(ifs($N384>P384, "NOT-PASSED", N384<=P384, "PASSED"), "NA") -> NA | R384: FALSE | S384: WT-26-0042 | T384: complete | U384: pending
A385: 46094 | B385: GOSD06 | C385: {=_xlfn.XLOOKUP(B385, DB[samplingPoint], DB[samplingTag])} -> SV113.01 | D385: PQ3-Week2 | E385: TRUE | F385: {=_xlfn.XLOOKUP($B385, DB[samplingPoint], DB[noLocation])} -> WATER SYSTEM (B10) | G385: Building 10 | H385: {=_xlfn.XLOOKUP($B385, DB[samplingPoint], DB[location])} -> After Storage tank (B10) | I385: {=_xlfn.XLOOKUP($B385, DB[samplingPoint], DB[waterType])} -> PW | J385: =$A385+1 -> 46095 | K385: 46098 | L385: 0 | M385: 0 | N385: =ROUNDUP(AVERAGE($L385:$M385), 0) -> 0 | P385: {=_xlfn.XLOOKUP($B385, DB[samplingPoint], DB[Criteria])} -> 100 | Q385: =iferror(ifs($N385>P385, "NOT-PASSED", N385<=P385, "PASSED"), "NA") -> PASSED | R385: FALSE | S385: WT-26-0042 | T385: complete | U385: pending
A386: 46094 | B386: GOSD07 | C386: {=_xlfn.XLOOKUP(B386, DB[samplingPoint], DB[samplingTag])} -> SV115.02 | D386: PQ3-Week2 | E386: TRUE | F386: {=_xlfn.XLOOKUP($B386, DB[samplingPoint], DB[noLocation])} -> WATER SYSTEM (B10) | G386: Building 10 | H386: {=_xlfn.XLOOKUP($B386, DB[samplingPoint], DB[location])} -> After UV (B10) | I386: {=_xlfn.XLOOKUP($B386, DB[samplingPoint], DB[waterType])} -> PW | J386: =$A386+1 -> 46095 | K386: 46098 | L386: 0 | M386: 0 | N386: =ROUNDUP(AVERAGE($L386:$M386), 0) -> 0 | P386: {=_xlfn.XLOOKUP($B386, DB[samplingPoint], DB[Criteria])} -> 100 | Q386: =iferror(ifs($N386>P386, "NOT-PASSED", N386<=P386, "PASSED"), "NA") -> PASSED | R386: FALSE | S386: WT-26-0042 | T386: complete | U386: pending
A387: 46094 | B387: GOSD08 | C387: {=_xlfn.XLOOKUP(B387, DB[samplingPoint], DB[samplingTag])} -> SV117.01 | D387: PQ3-Week2 | E387: TRUE | F387: {=_xlfn.XLOOKUP($B387, DB[samplingPoint], DB[noLocation])} -> WATER SYSTEM (B10) | G387: Building 10 | H387: {=_xlfn.XLOOKUP($B387, DB[samplingPoint], DB[location])} -> Return loop (B10) | I387: {=_xlfn.XLOOKUP($B387, DB[samplingPoint], DB[waterType])} -> PW | J387: =$A387+1 -> 46095 | K387: 46098 | L387: 0 | M387: 0 | N387: =ROUNDUP(AVERAGE($L387:$M387), 0) -> 0 | P387: {=_xlfn.XLOOKUP($B387, DB[samplingPoint], DB[Criteria])} -> 100 | Q387: =iferror(ifs($N387>P387, "NOT-PASSED", N387<=P387, "PASSED"), "NA") -> PASSED | R387: FALSE | S387: WT-26-0042 | T387: complete | U387: pending
A388: 46094 | B388: OSD22 | C388: {=_xlfn.XLOOKUP(B388, DB[samplingPoint], DB[samplingTag])} -> SV116.05 | D388: PQ3-Week2 | E388: TRUE | F388: {=_xlfn.XLOOKUP($B388, DB[samplingPoint], DB[noLocation])} -> 10-3-062 | G388: Building 10 | H388: {=_xlfn.XLOOKUP($B388, DB[samplingPoint], DB[location])} -> COATING ROOM-3 | I388: {=_xlfn.XLOOKUP($B388, DB[samplingPoint], DB[waterType])} -> PW | J388: =$A388+1 -> 46095 | K388: 46098 | L388: 0 | M388: 0 | N388: =ROUNDUP(AVERAGE($L388:$M388), 0) -> 0 | P388: {=_xlfn.XLOOKUP($B388, DB[samplingPoint], DB[Criteria])} -> 100 | Q388: =iferror(ifs($N388>P388, "NOT-PASSED", N388<=P388, "PASSED"), "NA") -> PASSED | R388: FALSE | S388: WT-26-0042 | T388: complete | U388: pending
A389: 46094 | B389: OSD23 | C389: {=_xlfn.XLOOKUP(B389, DB[samplingPoint], DB[samplingTag])} -> SV116.04 | D389: PQ3-Week2 | E389: TRUE | F389: {=_xlfn.XLOOKUP($B389, DB[samplingPoint], DB[noLocation])} -> 10-3-061 | G389: Building 10 | H389: {=_xlfn.XLOOKUP($B389, DB[samplingPoint], DB[location])} -> COATING ROOM-2 | I389: {=_xlfn.XLOOKUP($B389, DB[samplingPoint], DB[waterType])} -> PW | J389: =$A389+1 -> 46095 | K389: 46098 | L389: 0 | M389: 0 | N389: =ROUNDUP(AVERAGE($L389:$M389), 0) -> 0 | P389: {=_xlfn.XLOOKUP($B389, DB[samplingPoint], DB[Criteria])} -> 100 | Q389: =iferror(ifs($N389>P389, "NOT-PASSED", N389<=P389, "PASSED"), "NA") -> PASSED | R389: FALSE | S389: WT-26-0042 | T389: complete | U389: pending
A390: 46094 | B390: OSD24 | C390: {=_xlfn.XLOOKUP(B390, DB[samplingPoint], DB[samplingTag])} -> DV116.09 | D390: PQ3-Week2 | E390: TRUE | F390: {=_xlfn.XLOOKUP($B390, DB[samplingPoint], DB[noLocation])} -> 10-3-060 | G390: Building 10 | H390: {=_xlfn.XLOOKUP($B390, DB[samplingPoint], DB[location])} -> COATING SOLUTION PREP.-2 | I390: {=_xlfn.XLOOKUP($B390, DB[samplingPoint], DB[waterType])} -> PW | J390: =$A390+1 -> 46095 | K390: 46098 | L390: 0 | M390: 0 | N390: =ROUNDUP(AVERAGE($L390:$M390), 0) -> 0 | P390: {=_xlfn.XLOOKUP($B390, DB[samplingPoint], DB[Criteria])} -> 100 | Q390: =iferror(ifs($N390>P390, "NOT-PASSED", N390<=P390, "PASSED"), "NA") -> PASSED | R390: FALSE | S390: WT-26-0042 | T390: complete | U390: pending
A391: 46094 | B391: OSD25 | C391: {=_xlfn.XLOOKUP(B391, DB[samplingPoint], DB[samplingTag])} -> DV116.08 | D391: PQ3-Week2 | E391: TRUE | F391: {=_xlfn.XLOOKUP($B391, DB[samplingPoint], DB[noLocation])} -> 10-3-059 | G391: Building 10 | H391: {=_xlfn.XLOOKUP($B391, DB[samplingPoint], DB[location])} -> COATING SOLUTION PREP.-1 | I391: {=_xlfn.XLOOKUP($B391, DB[samplingPoint], DB[waterType])} -> PW | J391: =$A391+1 -> 46095 | K391: 46098 | L391: 0 | M391: 0 | N391: =ROUNDUP(AVERAGE($L391:$M391), 0) -> 0 | P391: {=_xlfn.XLOOKUP($B391, DB[samplingPoint], DB[Criteria])} -> 100 | Q391: =iferror(ifs($N391>P391, "NOT-PASSED", N391<=P391, "PASSED"), "NA") -> PASSED | R391: FALSE | S391: WT-26-0042 | T391: complete | U391: pending
A392: 46094 | B392: OSD26 | C392: {=_xlfn.XLOOKUP(B392, DB[samplingPoint], DB[samplingTag])} -> SV116.03 | D392: PQ3-Week2 | E392: TRUE | F392: {=_xlfn.XLOOKUP($B392, DB[samplingPoint], DB[noLocation])} -> 10-3-058 | G392: Building 10 | H392: {=_xlfn.XLOOKUP($B392, DB[samplingPoint], DB[location])} -> COATING ROOM-1 | I392: {=_xlfn.XLOOKUP($B392, DB[samplingPoint], DB[waterType])} -> PW | J392: =$A392+1 -> 46095 | K392: 46098 | L392: 0 | M392: 0 | N392: =ROUNDUP(AVERAGE($L392:$M392), 0) -> 0 | P392: {=_xlfn.XLOOKUP($B392, DB[samplingPoint], DB[Criteria])} -> 100 | Q392: =iferror(ifs($N392>P392, "NOT-PASSED", N392<=P392, "PASSED"), "NA") -> PASSED | R392: FALSE | S392: WT-26-0042 | T392: complete | U392: pending
A393: 46094 | B393: OSD29 | C393: {=_xlfn.XLOOKUP(B393, DB[samplingPoint], DB[samplingTag])} -> SV116.08 | D393: PQ3-Week2 | E393: TRUE | F393: {=_xlfn.XLOOKUP($B393, DB[samplingPoint], DB[noLocation])} -> 10-3-067 | G393: Building 10 | H393: {=_xlfn.XLOOKUP($B393, DB[samplingPoint], DB[location])} -> COATING ROOM-6 | I393: {=_xlfn.XLOOKUP($B393, DB[samplingPoint], DB[waterType])} -> PW | J393: =$A393+1 -> 46095 | K393: 46098 | L393: 0 | M393: 0 | N393: =ROUNDUP(AVERAGE($L393:$M393), 0) -> 0 | P393: {=_xlfn.XLOOKUP($B393, DB[samplingPoint], DB[Criteria])} -> 100 | Q393: =iferror(ifs($N393>P393, "NOT-PASSED", N393<=P393, "PASSED"), "NA") -> PASSED | R393: FALSE | S393: WT-26-0042 | T393: complete | U393: pending
A394: 46094 | B394: OSD30 | C394: {=_xlfn.XLOOKUP(B394, DB[samplingPoint], DB[samplingTag])} -> DV116.11 | D394: PQ3-Week2 | E394: TRUE | F394: {=_xlfn.XLOOKUP($B394, DB[samplingPoint], DB[noLocation])} -> 10-3-066 | G394: Building 10 | H394: {=_xlfn.XLOOKUP($B394, DB[samplingPoint], DB[location])} -> COATING SOLUTION PREP.-4 | I394: {=_xlfn.XLOOKUP($B394, DB[samplingPoint], DB[waterType])} -> PW | J394: =$A394+1 -> 46095 | K394: 46098 | L394: 0 | M394: 0 | N394: =ROUNDUP(AVERAGE($L394:$M394), 0) -> 0 | P394: {=_xlfn.XLOOKUP($B394, DB[samplingPoint], DB[Criteria])} -> 100 | Q394: =iferror(ifs($N394>P394, "NOT-PASSED", N394<=P394, "PASSED"), "NA") -> PASSED | R394: FALSE | S394: WT-26-0042 | T394: complete | U394: pending
A395: 46094 | B395: OSD31 | C395: {=_xlfn.XLOOKUP(B395, DB[samplingPoint], DB[samplingTag])} -> DV116.10 | D395: PQ3-Week2 | E395: TRUE | F395: {=_xlfn.XLOOKUP($B395, DB[samplingPoint], DB[noLocation])} -> 10-3-065 | G395: Building 10 | H395: {=_xlfn.XLOOKUP($B395, DB[samplingPoint], DB[location])} -> COATING SOLUTION PREP.-3 | I395: {=_xlfn.XLOOKUP($B395, DB[samplingPoint], DB[waterType])} -> PW | J395: =$A395+1 -> 46095 | K395: 46098 | L395: 0 | M395: 0 | N395: =ROUNDUP(AVERAGE($L395:$M395), 0) -> 0 | P395: {=_xlfn.XLOOKUP($B395, DB[samplingPoint], DB[Criteria])} -> 100 | Q395: =iferror(ifs($N395>P395, "NOT-PASSED", N395<=P395, "PASSED"), "NA") -> PASSED | R395: FALSE | S395: WT-26-0042 | T395: complete | U395: pending
A396: 46094 | B396: OSD32 | C396: {=_xlfn.XLOOKUP(B396, DB[samplingPoint], DB[samplingTag])} -> SV116.07 | D396: PQ3-Week2 | E396: TRUE | F396: {=_xlfn.XLOOKUP($B396, DB[samplingPoint], DB[noLocation])} -> 10-3-064 | G396: Building 10 | H396: {=_xlfn.XLOOKUP($B396, DB[samplingPoint], DB[location])} -> COATING ROOM-5 | I396: {=_xlfn.XLOOKUP($B396, DB[samplingPoint], DB[waterType])} -> PW | J396: =$A396+1 -> 46095 | K396: 46098 | L396: 0 | M396: 0 | N396: =ROUNDUP(AVERAGE($L396:$M396), 0) -> 0 | P396: {=_xlfn.XLOOKUP($B396, DB[samplingPoint], DB[Criteria])} -> 100 | Q396: =iferror(ifs($N396>P396, "NOT-PASSED", N396<=P396, "PASSED"), "NA") -> PASSED | R396: FALSE | S396: WT-26-0042 | T396: complete | U396: pending
... A549: 46122 | B549: OSD42 | C549: {=_xlfn.XLOOKUP(B549, DB[samplingPoint], DB[samplingTag])} -> DV116.01 | D549: PQ3-Week2 | E549: TRUE | F549: {=_xlfn.XLOOKUP($B549, DB[samplingPoint], DB[noLocation])} -> 10-1-057 | G549: Building 10 | H549: {=_xlfn.XLOOKUP($B549, DB[samplingPoint], DB[location])} -> WASHING-P | I549: {=_xlfn.XLOOKUP($B549, DB[samplingPoint], DB[waterType])} -> PW | J549: =$A549+1 -> 46123 | K549: 46127 | L549: 3 | M549: 0 | N549: =ROUNDUP(AVERAGE($L549:$M549), 0) -> 2 | P549: {=_xlfn.XLOOKUP($B549, DB[samplingPoint], DB[Criteria])} -> 100 | Q549: =iferror(ifs($N549>P549, "NOT-PASSED", N549<=P549, "PASSED"), "NA") -> PASSED | R549: FALSE | S549: WT-26-0076 | T549: complete | U549: synced
A550: 46122 | B550: B11 | C550: {=_xlfn.XLOOKUP(B550, DB[samplingPoint], DB[samplingTag])} -> #N/A | E550: TRUE | F550: {=_xlfn.XLOOKUP($B550, DB[samplingPoint], DB[noLocation])} -> #N/A | H550: {=_xlfn.XLOOKUP($B550, DB[samplingPoint], DB[location])} -> #N/A | I550: {=_xlfn.XLOOKUP($B550, DB[samplingPoint], DB[waterType])} -> #N/A | J550: =$A550+1 -> 46123 | K550: 46127 | L550: 0 | M550: 0 | N550: =ROUNDUP(AVERAGE($L550:$M550), 0) -> 0 | P550: {=_xlfn.XLOOKUP($B550, DB[samplingPoint], DB[Criteria])} -> #N/A | Q550: =iferror(ifs($N550>P550, "NOT-PASSED", N550<=P550, "PASSED"), "NA") -> NA | R550: FALSE | S550: WT-26-0077 | T550: complete | U550: synced
A551: 46133 | B551: GOCL01 | C551: {=_xlfn.XLOOKUP(B551, DB[samplingPoint], DB[samplingTag])} -> VB-05 (16) | D551: PQ3-Week3 | E551: TRUE | F551: {=_xlfn.XLOOKUP($B551, DB[samplingPoint], DB[noLocation])} -> WATER SYSTEM (B16) | G551: Building 16 | H551: {=_xlfn.XLOOKUP($B551, DB[samplingPoint], DB[location])} -> After Chlorine circulation tank (B16) | I551: {=_xlfn.XLOOKUP($B551, DB[samplingPoint], DB[waterType])} -> PRW | J551: =$A551+1 -> 46134 | K551: 46137 | L551: 0 | M551: 0 | N551: =ROUNDUP(AVERAGE($L551:$M551), 0) -> 0 | P551: {=_xlfn.XLOOKUP($B551, DB[samplingPoint], DB[Criteria])} -> 500 | Q551: =iferror(ifs($N551>P551, "NOT-PASSED", N551<=P551, "PASSED"), "NA") -> PASSED | R551: FALSE | S551: WT-26-0053 | T551: complete | U551: pending
A552: 46133 | B552: GOCL02 | C552: {=_xlfn.XLOOKUP(B552, DB[samplingPoint], DB[samplingTag])} -> V50-61 (16) | D552: PQ3-Week3 | E552: TRUE | F552: {=_xlfn.XLOOKUP($B552, DB[samplingPoint], DB[noLocation])} -> WATER SYSTEM (B16) | G552: Building 16 | H552: {=_xlfn.XLOOKUP($B552, DB[samplingPoint], DB[location])} -> After Cartridge filter 5 µm (B16) | I552: {=_xlfn.XLOOKUP($B552, DB[samplingPoint], DB[waterType])} -> PRW | J552: =$A552+1 -> 46134 | K552: 46137 | L552: 321 | M552: 340 | N552: =ROUNDUP(AVERAGE($L552:$M552), 0) -> 331 | P552: {=_xlfn.XLOOKUP($B552, DB[samplingPoint], DB[Criteria])} -> 500 | Q552: =iferror(ifs($N552>P552, "NOT-PASSED", N552<=P552, "PASSED"), "NA") -> PASSED | R552: FALSE | S552: WT-26-0053 | T552: complete | U552: pending
A553: 46133 | B553: GOCL03 | C553: {=_xlfn.XLOOKUP(B553, DB[samplingPoint], DB[samplingTag])} -> V50-11C (16) | D553: PQ3-Week3 | E553: TRUE | F553: {=_xlfn.XLOOKUP($B553, DB[samplingPoint], DB[noLocation])} -> WATER SYSTEM (B16) | G553: Building 16 | H553: {=_xlfn.XLOOKUP($B553, DB[samplingPoint], DB[location])} -> After RO (Before EDI) (B16) | I553: {=_xlfn.XLOOKUP($B553, DB[samplingPoint], DB[waterType])} -> RO water | J553: =$A553+1 -> 46134 | K553: 46137 | L553: 0 | M553: 0 | N553: =ROUNDUP(AVERAGE($L553:$M553), 0) -> 0 | P553: {=_xlfn.XLOOKUP($B553, DB[samplingPoint], DB[Criteria])} -> 500 | Q553: =iferror(ifs($N553>P553, "NOT-PASSED", N553<=P553, "PASSED"), "NA") -> PASSED | R553: FALSE | S553: WT-26-0053 | T553: complete | U553: pending
A554: 46133 | B554: GOCL04 | C554: {=_xlfn.XLOOKUP(B554, DB[samplingPoint], DB[samplingTag])} -> V50-39 (16) | D554: PQ3-Week3 | E554: TRUE | F554: {=_xlfn.XLOOKUP($B554, DB[samplingPoint], DB[noLocation])} -> WATER SYSTEM (B16) | G554: Building 16 | H554: {=_xlfn.XLOOKUP($B554, DB[samplingPoint], DB[location])} -> After EDI (B16) | I554: {=_xlfn.XLOOKUP($B554, DB[samplingPoint], DB[waterType])} -> PW | J554: =$A554+1 -> 46134 | K554: 46137 | L554: 0 | M554: 0 | N554: =ROUNDUP(AVERAGE($L554:$M554), 0) -> 0 | P554: {=_xlfn.XLOOKUP($B554, DB[samplingPoint], DB[Criteria])} -> 100 | Q554: =iferror(ifs($N554>P554, "NOT-PASSED", N554<=P554, "PASSED"), "NA") -> PASSED | R554: FALSE | S554: WT-26-0053 | T554: complete | U554: pending
A555: 46133 | B555: GOCL08 | C555: {=_xlfn.XLOOKUP(B555, DB[samplingPoint], DB[samplingTag])} -> SV127.01 | D555: PQ3-Week3 | E555: TRUE | F555: {=_xlfn.XLOOKUP($B555, DB[samplingPoint], DB[noLocation])} -> WATER SYSTEM (B16) | G555: Building 16 | H555: {=_xlfn.XLOOKUP($B555, DB[samplingPoint], DB[location])} -> Return loop (B16) | I555: {=_xlfn.XLOOKUP($B555, DB[samplingPoint], DB[waterType])} -> PW | J555: =$A555+1 -> 46134 | K555: 46137 | L555: 0 | M555: 0 | N555: =ROUNDUP(AVERAGE($L555:$M555), 0) -> 0 | P555: {=_xlfn.XLOOKUP($B555, DB[samplingPoint], DB[Criteria])} -> 100 | Q555: =iferror(ifs($N555>P555, "NOT-PASSED", N555<=P555, "PASSED"), "NA") -> PASSED | R555: FALSE | S555: WT-26-0053 | T555: complete | U555: pending
A556: 46133 | B556: OCL06 | C556: {=_xlfn.XLOOKUP(B556, DB[samplingPoint], DB[samplingTag])} -> SV126.06 | D556: PQ3-Week3 | E556: TRUE | F556: {=_xlfn.XLOOKUP($B556, DB[samplingPoint], DB[noLocation])} -> 16-3-067 | G556: Building 16 | H556: {=_xlfn.XLOOKUP($B556, DB[samplingPoint], DB[location])} -> MFG 1 | I556: {=_xlfn.XLOOKUP($B556, DB[samplingPoint], DB[waterType])} -> PW | J556: =$A556+1 -> 46134 | K556: 46137 | L556: 0 | M556: 0 | N556: =ROUNDUP(AVERAGE($L556:$M556), 0) -> 0 | P556: {=_xlfn.XLOOKUP($B556, DB[samplingPoint], DB[Criteria])} -> 100 | Q556: =iferror(ifs($N556>P556, "NOT-PASSED", N556<=P556, "PASSED"), "NA") -> PASSED | R556: FALSE | S556: WT-26-0053 | T556: complete | U556: pending
A557: 46133 | B557: OCL07 | C557: {=_xlfn.XLOOKUP(B557, DB[samplingPoint], DB[samplingTag])} -> SV126.21 | D557: PQ3-Week3 | E557: TRUE | F557: {=_xlfn.XLOOKUP($B557, DB[samplingPoint], DB[noLocation])} -> 16-3-090 | G557: Building 16 | H557: {=_xlfn.XLOOKUP($B557, DB[samplingPoint], DB[location])} -> CIP 1 (EQUIPMENT REQUIREMENT) | I557: {=_xlfn.XLOOKUP($B557, DB[samplingPoint], DB[waterType])} -> PW | J557: =$A557+1 -> 46134 | K557: 46137 | L557: 0 | M557: 0 | N557: =ROUNDUP(AVERAGE($L557:$M557), 0) -> 0 | P557: {=_xlfn.XLOOKUP($B557, DB[samplingPoint], DB[Criteria])} -> 100 | Q557: =iferror(ifs($N557>P557, "NOT-PASSED", N557<=P557, "PASSED"), "NA") -> PASSED | R557: FALSE | S557: WT-26-0053 | T557: complete | U557: pending
A558: 46133 | B558: OCL08 | C558: {=_xlfn.XLOOKUP(B558, DB[samplingPoint], DB[samplingTag])} -> DV126.09 | D558: PQ3-Week3 | E558: TRUE | F558: {=_xlfn.XLOOKUP($B558, DB[samplingPoint], DB[noLocation])} -> 16-3-090 | G558: Building 16 | H558: {=_xlfn.XLOOKUP($B558, DB[samplingPoint], DB[location])} -> CIP 1 (ZINK WASHING) | I558: {=_xlfn.XLOOKUP($B558, DB[samplingPoint], DB[waterType])} -> PW | J558: =$A558+1 -> 46134 | K558: 46137 | L558: 0 | M558: 0 | N558: =ROUNDUP(AVERAGE($L558:$M558), 0) -> 0 | P558: {=_xlfn.XLOOKUP($B558, DB[samplingPoint], DB[Criteria])} -> 100 | Q558: =iferror(ifs($N558>P558, "NOT-PASSED", N558<=P558, "PASSED"), "NA") -> PASSED | R558: FALSE | S558: WT-26-0053 | T558: complete | U558: pending
